rank,roi_id,candidate_index,score_priority,score_density,score_reference_raw,core_points,U,T,CONFLICT,context_points,stable_context_points,primary_frame,primary_coverage,three_view_union_coverage,visible_historical_frames,competition,extent_m
1,ROI-0001,46,0.7072581862079373,0.7101515151515152,0.7066607851786502,1602,0,0,1602,3380,89,795,1.0,1.0,123,"[{""ids"": [57, 179], ""points"": 1602}]","[0.655829906463623, 0.01092982292175293, 0.6399999856948853]"
2,ROI-0002,15,0.6798009950248757,0.6834733893557423,0.6859772604223064,1267,0,0,1267,2939,20,815,1.0,1.0,101,"[{""ids"": [57, 179], ""points"": 1267}]","[0.6299998760223389, 0.005980014801025391, 0.5399999618530273]"
3,ROI-0003,19,0.6785512167515563,0.6820250284414107,0.68125,1199,0,0,1199,2753,9,800,1.0,1.0,107,"[{""ids"": [57, 179], ""points"": 1199}]","[0.6399998664855957, 0.007748842239379883, 0.5600000023841858]"
4,ROI-0004,14,0.6707927225471085,0.6743418903912731,0.67472306143001,1341,1,1,1339,2997,40,980,1.0,1.0,99,"[{""ids"": [57, 179], ""points"": 1339}]","[0.5699999332427979, 0.00516819953918457, 0.6200000047683716]"
5,ROI-0005,90,0.6686131386861314,0.6730345334313005,0.6705241660993874,985,0,0,985,2405,440,835,1.0,1.0,78,"[{""ids"": [57, 179], ""points"": 866}, {""ids"": [57, 186], ""points"": 66}, {""ids"": [19, 186], ""points"": 30}, {""ids"": [179, 186], ""points"": 23}]","[0.4500000476837158, 0.01527547836303711, 0.5499999523162842]"
6,ROI-0006,50,0.6664496527777778,0.6703776468020083,0.6758353708231459,1106,0,1,1105,2695,19,815,1.0,1.0,83,"[{""ids"": [57, 179], ""points"": 1105}]","[0.5469939708709717, 0.005899906158447266, 0.5869492292404175]"
7,ROI-0007,22,0.6646005509641874,0.6687456687456688,0.6700636942675159,1052,0,0,1052,2498,8,795,1.0,1.0,116,"[{""ids"": [57, 179], ""points"": 1052}]","[0.5999999046325684, 0.00720524787902832, 0.5399999618530273]"
8,ROI-0008,81,0.6624251497005988,0.6669178598342125,0.6498936924167257,917,0,0,917,2413,355,820,1.0,1.0,89,"[{""ids"": [57, 179], ""points"": 840}, {""ids"": [57, 186], ""points"": 73}, {""ids"": [179, 186], ""points"": 3}, {""ids"": [19, 186], ""points"": 1}]","[0.48000001907348633, 0.013100624084472656, 0.5600000023841858]"
9,ROI-0009,41,0.6607874576875111,0.6639813820264948,0.6561855670103093,1273,0,0,1273,2976,150,840,1.0,1.0,109,"[{""ids"": [57, 179], ""points"": 1270}, {""ids"": [57, 186], ""points"": 3}]","[0.6800000667572021, 0.062230587005615234, 0.482585608959198]"
10,ROI-0010,82,0.6549106049473425,0.6592702169625246,0.665359477124183,1018,0,0,1018,2498,14,815,1.0,1.0,87,"[{""ids"": [57, 179], ""points"": 1018}]","[0.5399999618530273, 0.006692647933959961, 0.5199999809265137]"
11,ROI-0011,56,0.6420842824601367,0.6453921007441328,0.6425855513307985,1183,0,0,1183,2859,401,875,1.0,1.0,65,"[{""ids"": [57, 179], ""points"": 1147}, {""ids"": [57, 186], ""points"": 26}, {""ids"": [179, 186], ""points"": 10}]","[0.5999999046325684, 0.03124713897705078, 0.5700256824493408]"
12,ROI-0012,24,0.6399522423699725,0.643843843843844,0.6456548347613219,1056,0,3,1053,2570,19,840,1.0,1.0,93,"[{""ids"": [57, 179], ""points"": 1053}]","[0.5099999904632568, 0.004666328430175781, 0.5600000023841858]"
13,ROI-0013,48,0.6212909942738157,0.6242154811715481,0.6218930041152263,1260,0,2,1258,3138,438,795,1.0,1.0,128,"[{""ids"": [57, 179], ""points"": 1177}, {""ids"": [179, 186], ""points"": 47}, {""ids"": [57, 186], ""points"": 31}, {""ids"": [2, 186], ""points"": 2}]","[0.61409592628479, 0.12794065475463867, 0.4820530414581299]"
14,ROI-0014,72,0.6203200483091788,0.6254185692541857,0.6059071729957806,718,0,0,718,2066,405,835,1.0,1.0,93,"[{""ids"": [57, 179], ""points"": 657}, {""ids"": [57, 186], ""points"": 41}, {""ids"": [179, 186], ""points"": 20}]","[0.4500000476837158, 0.020900487899780273, 0.5]"
15,ROI-0015,29,0.6085645355850422,0.6152439024390244,0.6038543897216274,564,0,0,564,1724,439,835,1.0,1.0,84,"[{""ids"": [57, 179], ""points"": 464}, {""ids"": [57, 186], ""points"": 63}, {""ids"": [19, 186], ""points"": 29}, {""ids"": [179, 186], ""points"": 8}]","[0.3599998950958252, 0.01440119743347168, 0.5099999904632568]"
16,ROI-0016,20,0.6072351421188631,0.6115014311735624,0.6144026974951831,851,1,0,850,2348,184,805,1.0,1.0,112,"[{""ids"": [57, 179], ""points"": 850}]","[0.5420370101928711, 0.0038323402404785156, 0.5799999833106995]"
17,ROI-0017,27,0.5828460038986355,0.5862745098039216,0.574095682613769,984,0,0,984,2714,669,1920,1.0,1.0,128,"[{""ids"": [57, 179], ""points"": 984}]","[0.5213136672973633, 0.010434865951538086, 0.559999942779541]"
18,ROI-0018,40,0.5759364820846905,0.5801886792452831,0.5573770491803278,782,0,0,782,2281,526,1980,1.0,1.0,123,"[{""ids"": [57, 179], ""points"": 782}]","[0.5199999809265137, 0.014471769332885742, 0.5199999809265137]"
19,ROI-0019,100,0.5727816550348953,0.5779678068410463,0.5815018315018315,635,0,0,635,1962,589,245,1.0,1.0,104,"[{""ids"": [57, 179], ""points"": 523}, {""ids"": [19, 186], ""points"": 38}, {""ids"": [57, 186], ""points"": 33}, {""ids"": [2, 186], ""points"": 24}]","[0.5499999523162842, 0.12107634544372559, 0.2937207818031311]"
20,ROI-0020,12,0.5552256532066508,0.5582089552238806,0.5610210545928824,1004,0,1,1003,2899,572,1630,1.0,1.0,133,"[{""ids"": [57, 179], ""points"": 895}, {""ids"": [2, 186], ""points"": 79}, {""ids"": [179, 186], ""points"": 29}]","[0.5400002002716064, 0.15540814399719238, 0.5199999809265137]"
21,ROI-0021,77,0.5534526604068857,0.5578724243320516,0.5495422724824987,681,0,2,679,2110,634,1970,1.0,1.0,100,"[{""ids"": [57, 179], ""points"": 679}]","[0.5812473297119141, 0.004072904586791992, 0.4100000262260437]"
22,ROI-0022,52,0.5499524262607041,0.5547024952015355,0.577743109724389,741,0,1,740,2225,652,900,1.0,1.0,25,"[{""ids"": [57, 179], ""points"": 701}, {""ids"": [19, 186], ""points"": 18}, {""ids"": [2, 186], ""points"": 9}, {""ids"": [57, 186], ""points"": 8}]","[0.5400000810623169, 0.11189770698547363, 0.34086179733276367]"
23,ROI-0023,125,0.5476948302469137,0.5520073879653933,0.5649069115021678,739,1,0,738,2243,1222,195,1.0,1.0,65,"[{""ids"": [13, 15], ""points"": 738}]","[0.440187931060791, 0.6299999952316284, 0.015804529190063477]"
24,ROI-0024,30,0.5279069767441861,0.531615925058548,0.5279069767441861,681,0,0,681,2257,635,830,1.0,1.0,79,"[{""ids"": [57, 179], ""points"": 681}]","[0.5799999237060547, 0.007821798324584961, 0.5300000309944153]"
25,ROI-0025,55,0.5109341825902335,0.5138799914584667,0.4700996677740864,849,0,0,849,2913,1091,1075,1.0,1.0,133,"[{""ids"": [57, 179], ""points"": 849}]","[0.570000171661377, 0.05188798904418945, 0.5890653729438782]"
26,ROI-0026,99,0.5087582918739635,0.5130657468380893,0.5144927536231884,592,0,1,591,2041,735,800,1.0,1.0,113,"[{""ids"": [57, 179], ""points"": 591}]","[0.5399999618530273, 0.006025075912475586, 0.4699999988079071]"
27,ROI-0027,70,0.5043431053203041,0.5093201754385965,0.5138297872340426,483,0,0,483,1709,574,890,1.0,1.0,51,"[{""ids"": [57, 179], ""points"": 483}]","[0.5399998426437378, 0.016313552856445312, 0.42000001668930054]"
28,ROI-0028,133,0.4983142279163857,0.5013568521031208,0.5154471544715448,846,1,0,845,2793,1359,1705,1.0,1.0,89,"[{""ids"": [13, 15], ""points"": 792}, {""ids"": [18, 25], ""points"": 28}, {""ids"": [25, 153], ""points"": 13}, {""ids"": [15, 153], ""points"": 4}]","[0.6299998760223389, 0.6000000238418579, 0.014844417572021484]"
29,ROI-0029,134,0.4957191780821918,0.4995685936151855,0.49838969404186795,619,0,0,619,2357,814,215,1.0,1.0,81,"[{""ids"": [13, 15], ""points"": 619}]","[0.49000000953674316, 0.5800000429153442, 0.07853817939758301]"
30,ROI-0030,124,0.4933414043583535,0.4969512195121951,0.49479528105482307,714,1,1,712,2522,1335,1730,1.0,1.0,67,"[{""ids"": [13, 15], ""points"": 712}]","[0.5199998617172241, 0.6499999761581421, 0.011374950408935547]"
31,ROI-0031,58,0.4886192017259979,0.4929263249537491,0.5079234972677595,622,2,3,617,2083,1044,1950,1.0,1.0,23,"[{""ids"": [57, 179], ""points"": 597}, {""ids"": [19, 186], ""points"": 10}, {""ids"": [57, 186], ""points"": 4}, {""ids"": [2, 186], ""points"": 3}]","[0.4617304801940918, 0.11243319511413574, 0.37926727533340454]"
32,ROI-0032,136,0.4885654885654886,0.4931794333683106,0.5038986354775828,517,0,0,517,1952,790,220,1.0,1.0,67,"[{""ids"": [13, 15], ""points"": 517}]","[0.38999998569488525, 0.559999942779541, 0.06558716297149658]"
33,ROI-0033,144,0.4763209668353007,0.4799631832342113,0.4829059829059829,641,1,0,640,2299,1163,1875,0.998272884283247,1.0,79,"[{""ids"": [13, 15], ""points"": 639}, {""ids"": [5, 15], ""points"": 1}]","[0.49999988079071045, 0.5600000619888306, 0.018341898918151855]"
34,ROI-0034,47,0.46707698319656116,0.4720576619273302,0.45821417222751826,483,3,1,479,2034,1283,290,1.0,1.0,37,"[{""ids"": [2, 66], ""points"": 398}, {""ids"": [19, 66], ""points"": 34}, {""ids"": [19, 57], ""points"": 20}, {""ids"": [33, 66], ""points"": 12}]","[0.540681004524231, 0.2751293182373047, 0.12030339241027832]"
35,ROI-0035,1106,0.46296296296296297,0.6944444444444444,0.6666666666666666,20,1,2,17,28,8,1545,1.0,1.0,230,"[{""ids"": [181, 206], ""points"": 12}, {""ids"": [206, 490], ""points"": 2}, {""ids"": [181, 182], ""points"": 1}, {""ids"": [13, 206], ""points"": 1}]","[0.03203082084655762, 0.022246956825256348, 0.01580837368965149]"
36,ROI-0036,141,0.4334309895833333,0.4372742200328407,0.4404332129963899,488,0,0,488,2045,794,315,1.0,1.0,66,"[{""ids"": [13, 15], ""points"": 488}]","[0.4700000286102295, 0.5499999523162842, 0.05318403244018555]"
37,ROI-0037,53,0.4270126413838988,0.4316653214958299,0.4173857462448066,436,0,2,434,1994,1389,105,1.0,1.0,51,"[{""ids"": [2, 66], ""points"": 316}, {""ids"": [19, 66], ""points"": 52}, {""ids"": [19, 57], ""points"": 43}, {""ids"": [2, 33], ""points"": 8}]","[0.4599999785423279, 0.26602649688720703, 0.23623549938201904]"
38,ROI-0038,692,0.41607565011820336,0.5146198830409358,0.4502923976608187,39,20,0,19,90,13,1545,0.9,0.9333333333333333,232,"[{""ids"": [181, 206], ""points"": 12}, {""ids"": [13, 181], ""points"": 3}, {""ids"": [181, 209], ""points"": 2}, {""ids"": [181, 216], ""points"": 2}]","[0.09941649436950684, 0.0808340311050415, 0.04077354073524475]"
39,ROI-0039,54,0.4105527638190955,0.4143002028397566,0.4074074074074074,492,1,0,491,2137,1217,1600,1.0,1.0,143,"[{""ids"": [2, 186], ""points"": 355}, {""ids"": [57, 179], ""points"": 111}, {""ids"": [179, 186], ""points"": 25}]","[0.5799999237060547, 0.1505751609802246, 0.2600000202655792]"
40,ROI-0040,64,0.4046777991864697,0.40821725515603063,0.4246031746031746,536,1,1,534,2372,1348,870,1.0,1.0,32,"[{""ids"": [57, 179], ""points"": 420}, {""ids"": [179, 186], ""points"": 57}, {""ids"": [2, 186], ""points"": 20}, {""ids"": [19, 179], ""points"": 16}]","[0.6121118068695068, 0.1212470531463623, 0.32230567932128906]"
41,ROI-0041,128,0.4043137254901961,0.40864050733254065,0.39046579330422126,358,0,1,357,1768,878,1655,1.0,1.0,67,"[{""ids"": [13, 15], ""points"": 338}, {""ids"": [18, 153], ""points"": 9}, {""ids"": [13, 153], ""points"": 3}, {""ids"": [13, 25], ""points"": 3}]","[0.40000009536743164, 0.48749351501464844, 0.021581649780273438]"
42,ROI-0042,23,0.39856801909307876,0.4028950542822678,0.40641711229946526,380,0,0,380,1699,721,1030,1.0,1.0,129,"[{""ids"": [2, 186], ""points"": 333}, {""ids"": [57, 186], ""points"": 24}, {""ids"": [57, 179], ""points"": 18}, {""ids"": [179, 186], ""points"": 4}]","[0.5043938159942627, 0.15545344352722168, 0.21999996900558472]"
43,ROI-0043,96,0.39673688558446923,0.4012113617376775,0.4081319524357499,355,0,1,354,1764,835,1610,1.0,1.0,135,"[{""ids"": [2, 186], ""points"": 346}, {""ids"": [57, 186], ""points"": 4}, {""ids"": [179, 186], ""points"": 3}, {""ids"": [57, 179], ""points"": 1}]","[0.5689022541046143, 0.15368437767028809, 0.20000001788139343]"
44,ROI-0044,38,0.39619651347068147,0.40192926045016075,0.38308457711442784,308,0,0,308,1654,1106,1590,1.0,1.0,135,"[{""ids"": [2, 186], ""points"": 308}]","[0.5799999237060547, 0.14990901947021484, 0.15090018510818481]"
45,ROI-0045,127,0.3952941176470588,0.3995243757431629,0.3929747530186608,358,0,0,358,1780,982,1735,1.0,1.0,87,"[{""ids"": [13, 15], ""points"": 281}, {""ids"": [25, 153], ""points"": 32}, {""ids"": [13, 25], ""points"": 16}, {""ids"": [13, 153], ""points"": 11}]","[0.4700000286102295, 0.46412867307662964, 0.020575523376464844]"
46,ROI-0046,139,0.38356517259144773,0.38625162127107654,0.40157845868152275,577,0,1,576,2573,1465,1920,0.931237721021611,0.9921414538310412,102,"[{""ids"": [13, 15], ""points"": 576}]","[0.5537275075912476, 0.5974382758140564, 0.07805478572845459]"
47,ROI-0047,69,0.37355431639818265,0.37670519629282523,0.39261168384879724,458,0,3,455,2052,756,855,1.0,1.0,116,"[{""ids"": [57, 179], ""points"": 281}, {""ids"": [2, 186], ""points"": 100}, {""ids"": [57, 186], ""points"": 43}, {""ids"": [179, 186], ""points"": 26}]","[0.5900001525878906, 0.15443992614746094, 0.28999999165534973]"
48,ROI-0048,399,0.35120350109409193,0.3546961325966851,0.3470648815653965,337,0,0,337,1891,1456,1280,0.9815384615384616,1.0,205,"[{""ids"": [2, 186], ""points"": 302}, {""ids"": [179, 186], ""points"": 35}]","[0.16942977905273438, 0.5600001811981201, 0.22999995946884155]"
49,ROI-0049,389,0.3458823529411765,0.34958382877526756,0.34452605806225955,343,11,22,310,1659,1168,1505,0.9096573208722741,0.9875389408099688,78,"[{""ids"": [2, 186], ""points"": 248}, {""ids"": [2, 182], ""points"": 41}, {""ids"": [182, 186], ""points"": 15}, {""ids"": [179, 186], ""points"": 6}]","[0.16774415969848633, 0.5899999737739563, 0.1899999976158142]"
50,ROI-0050,59,0.33946638015936975,0.34194624819624825,0.3330954080418749,541,55,113,373,2519,1523,1980,1.0,1.0,12,"[{""ids"": [33, 792], ""points"": 371}, {""ids"": [33, 315], ""points"": 2}]","[0.49000000953674316, 0.559999942779541, 0.02007889747619629]"
51,ROI-0051,410,0.3342696629213483,0.34,0.32991202346041054,225,0,0,225,1556,1230,1270,1.0,1.0,151,"[{""ids"": [2, 186], ""points"": 202}, {""ids"": [179, 186], ""points"": 23}]","[0.16621828079223633, 0.14999985694885254, 0.5343174338340759]"
52,ROI-0052,71,0.3336546325505316,0.33684241566407175,0.3399311531841652,414,16,25,373,2243,1664,275,1.0,1.0,29,"[{""ids"": [2, 66], ""points"": 304}, {""ids"": [19, 66], ""points"": 37}, {""ids"": [19, 57], ""points"": 16}, {""ids"": [33, 66], ""points"": 8}]","[0.5699999928474426, 0.2612156867980957, 0.11234819889068604]"
53,ROI-0053,61,0.325768156424581,0.3299151343705799,0.32435344827586204,301,0,0,301,1835,1318,1595,1.0,1.0,132,"[{""ids"": [2, 186], ""points"": 257}, {""ids"": [57, 179], ""points"": 37}, {""ids"": [179, 186], ""points"": 7}]","[0.5099997520446777, 0.14859390258789062, 0.27000001072883606]"
54,ROI-0054,390,0.32357723577235775,0.32644356955380577,0.3154707841356343,354,6,8,340,1927,1409,1295,0.9298245614035088,0.9678362573099415,188,"[{""ids"": [2, 186], ""points"": 285}, {""ids"": [179, 186], ""points"": 25}, {""ids"": [2, 182], ""points"": 18}, {""ids"": [182, 186], ""points"": 12}]","[0.1694493293762207, 0.6100000143051147, 0.22999998927116394]"
55,ROI-0055,103,0.3194980694980695,0.325147347740668,0.3070607553366174,187,0,0,187,1222,675,1120,1.0,1.0,115,"[{""ids"": [57, 179], ""points"": 187}]","[0.37999987602233887, 0.01574850082397461, 0.34999996423721313]"
56,ROI-0056,384,0.3190054782975137,0.3226768968456948,0.31306042884990254,269,1,2,266,1558,1151,1505,0.9807692307692307,0.9923076923076923,170,"[{""ids"": [2, 186], ""points"": 217}, {""ids"": [2, 206], ""points"": 32}, {""ids"": [179, 186], ""points"": 11}, {""ids"": [186, 206], ""points"": 6}]","[0.15280771255493164, 0.5600000023841858, 0.2199999988079071]"
57,ROI-0057,132,0.31641858367162834,0.32031963470319635,0.32723577235772355,269,1,0,268,1744,1312,225,1.0,1.0,46,"[{""ids"": [13, 15], ""points"": 268}]","[0.3000001907348633, 0.6220684051513672, 0.016039609909057617]"
58,ROI-0058,890,0.3142857142857143,0.36065573770491804,0.3761904761904762,65,58,0,7,70,5,955,0.23214285714285715,0.25,78,"[{""ids"": [179, 224], ""points"": 3}, {""ids"": [57, 179], ""points"": 2}, {""ids"": [57, 224], ""points"": 2}]","[0.07199287414550781, 0.06290984153747559, 0.015458494424819946]"
59,ROI-0059,385,0.30994897959183676,0.3135483870967742,0.29454545454545455,243,0,0,243,1746,1320,1490,0.9506172839506173,1.0,213,"[{""ids"": [2, 186], ""points"": 243}]","[0.15319204330444336, 0.6200000047683716, 0.1600000262260437]"
60,ROI-0060,80,0.30359147025813693,0.30826210826210826,0.31718061674008813,216,0,0,216,1409,956,215,1.0,1.0,88,"[{""ids"": [57, 179], ""points"": 160}, {""ids"": [19, 186], ""points"": 21}, {""ids"": [2, 19], ""points"": 13}, {""ids"": [2, 66], ""points"": 6}]","[0.48000001907348633, 0.12172555923461914, 0.21497470140457153]"
61,ROI-0061,156,0.2994554403602471,0.3020173215040135,0.3095896726602121,781,485,30,266,2505,1298,1615,0.4927007299270073,0.49452554744525545,151,"[{""ids"": [79, 216], ""points"": 266}]","[0.615607500076294, 0.3209264278411865, 0.1518857479095459]"
62,ROI-0062,11,0.29928202983410007,0.30270022560631693,0.30944854232525465,442,219,7,216,1605,1022,1405,0.5305555555555556,0.6416666666666667,147,"[{""ids"": [2, 186], ""points"": 86}, {""ids"": [179, 186], ""points"": 49}, {""ids"": [224, 232], ""points"": 36}, {""ids"": [186, 232], ""points"": 9}]","[0.2477436065673828, 0.15227794647216797, 0.2800000309944153]"
63,ROI-0063,489,0.29781420765027317,0.3215339233038348,0.3131991051454139,130,124,2,4,149,19,5,0.13725490196078433,0.1568627450980392,107,"[{""ids"": [2, 4], ""points"": 4}]","[0.11081576347351074, 0.05494201183319092, 0.03052428364753723]"
64,ROI-0064,135,0.2973094170403588,0.29972875226039786,0.2923280423280423,521,220,18,283,2304,1026,1970,0.6074561403508771,0.6337719298245614,64,"[{""ids"": [13, 15], ""points"": 263}, {""ids"": [5, 13], ""points"": 11}, {""ids"": [5, 15], ""points"": 9}]","[0.3600001335144043, 0.48000001907348633, 0.23310530185699463]"
65,ROI-0065,126,0.2959152568206066,0.2977532397822253,0.2931547619047619,816,419,34,363,3154,1309,185,0.46889226100151743,0.496206373292868,89,"[{""ids"": [13, 15], ""points"": 335}, {""ids"": [5, 13], ""points"": 22}, {""ids"": [5, 15], ""points"": 5}, {""ids"": [13, 715], ""points"": 1}]","[0.49000000953674316, 0.44999992847442627, 0.2985382080078125]"
66,ROI-0066,383,0.2948040510788199,0.2983511586452763,0.3054187192118227,249,0,3,246,1744,1318,1270,0.908695652173913,1.0,223,"[{""ids"": [2, 186], ""points"": 240}, {""ids"": [179, 186], ""points"": 6}]","[0.16955804824829102, 0.6100000143051147, 0.18000000715255737]"
67,ROI-0067,232,0.29362870177066414,0.295479302832244,0.30267753201396974,553,29,41,483,3130,1899,450,0.8979591836734694,0.9408163265306122,122,"[{""ids"": [7, 13], ""points"": 483}]","[0.2821445167064667, 0.6799999475479126, 0.07404053211212158]"
68,ROI-0068,167,0.2872535534158643,0.29085422469823585,0.2914409534127844,549,414,12,123,1400,457,1625,0.324455205811138,0.3268765133171913,66,"[{""ids"": [79, 216], ""points"": 123}]","[0.393080472946167, 0.1956491470336914, 0.22611355781555176]"
69,ROI-0069,98,0.28325123152709364,0.28967254408060455,0.28465346534653463,115,0,0,115,1154,980,190,1.0,1.0,81,"[{""ids"": [57, 186], ""points"": 51}, {""ids"": [19, 186], ""points"": 34}, {""ids"": [19, 66], ""points"": 18}, {""ids"": [19, 57], ""points"": 7}]","[0.5399999618530273, 0.11561036109924316, 0.11992523074150085]"
70,ROI-0070,87,0.28139904610492844,0.2854838709677419,0.2726423902894491,195,0,1,194,1633,1321,165,0.9945054945054945,1.0,91,"[{""ids"": [19, 57], ""points"": 82}, {""ids"": [57, 186], ""points"": 56}, {""ids"": [19, 186], ""points"": 35}, {""ids"": [2, 19], ""points"": 10}]","[0.39220911264419556, 0.14158368110656738, 0.38244470953941345]"
71,ROI-0071,387,0.2790549169859515,0.28229974160206717,0.27216748768472904,221,0,0,221,1646,1312,1275,0.95,0.990909090909091,221,"[{""ids"": [2, 186], ""points"": 187}, {""ids"": [179, 186], ""points"": 34}]","[0.17183685302734375, 0.5199999809265137, 0.18000000715255737]"
72,ROI-0072,76,0.2729044834307992,0.2792022792022792,0.26711309523809523,120,0,1,119,1185,991,220,1.0,1.0,82,"[{""ids"": [57, 186], ""points"": 56}, {""ids"": [19, 186], ""points"": 28}, {""ids"": [57, 179], ""points"": 10}, {""ids"": [57, 66], ""points"": 9}]","[0.49999988079071045, 0.11309695243835449, 0.12675538659095764]"
73,ROI-0073,787,0.27154195011337867,0.2990012484394507,0.28484848484848485,90,86,4,0,115,20,0,0.1794871794871795,0.20512820512820512,5,[],"[0.1402909755706787, 0.14865970611572266, 0.0599999874830246]"
74,ROI-0074,1088,0.27083333333333337,0.6190476190476191,0.7333333333333333,10,4,0,6,28,10,840,1.0,1.0,117,"[{""ids"": [172, 187], ""points"": 3}, {""ids"": [172, 185], ""points"": 2}, {""ids"": [172, 236], ""points"": 1}]","[0.04551267623901367, 0.05213123559951782, 0.014762163162231445]"
75,ROI-0075,66,0.2699530516431925,0.27577937649880097,0.25164113785557984,115,0,0,115,1152,966,125,1.0,1.0,89,"[{""ids"": [19, 57], ""points"": 87}, {""ids"": [57, 186], ""points"": 21}, {""ids"": [19, 186], ""points"": 7}]","[0.21681427955627441, 0.019469022750854492, 0.49000000953674316]"
76,ROI-0076,83,0.2691358024691358,0.27525252525252525,0.26376146788990823,115,0,0,115,1221,1046,175,1.0,1.0,89,"[{""ids"": [57, 186], ""points"": 52}, {""ids"": [19, 186], ""points"": 36}, {""ids"": [19, 57], ""points"": 21}, {""ids"": [2, 19], ""points"": 3}]","[0.5600000619888306, 0.10776281356811523, 0.11235123872756958]"
77,ROI-0077,402,0.26751751751751757,0.27118214104515476,0.265625,188,1,1,186,1532,1252,1295,1.0,1.0,175,"[{""ids"": [2, 186], ""points"": 154}, {""ids"": [179, 186], ""points"": 32}]","[0.15106630325317383, 0.5, 0.17255058884620667]"
78,ROI-0078,431,0.26534425758229124,0.2684700407213496,0.2636292834890966,290,51,91,148,1609,1265,1870,0.7611940298507462,0.8992537313432836,32,"[{""ids"": [2, 218], ""points"": 102}, {""ids"": [13, 218], ""points"": 8}, {""ids"": [2, 216], ""points"": 7}, {""ids"": [13, 216], ""points"": 5}]","[0.4500002861022949, 0.15419960021972656, 0.3621886968612671]"
79,ROI-0079,225,0.26529902642559106,0.2686619718309859,0.26686121919584954,556,390,65,101,1587,775,935,0.19811320754716982,0.22877358490566038,230,"[{""ids"": [13, 182], ""points"": 101}]","[0.17518043518066406, 0.5646887421607971, 0.1648569107055664]"
80,ROI-0080,130,0.2625272331154684,0.26512651265126513,0.26692836113837093,272,0,0,272,1916,1385,180,0.9961240310077519,1.0,81,"[{""ids"": [13, 15], ""points"": 271}, {""ids"": [5, 13], ""points"": 1}]","[0.49000000953674316, 0.3900001049041748, 0.020154595375061035]"
81,ROI-0081,408,0.25920471281296026,0.2626865671641791,0.24719101123595505,176,0,0,176,1869,1581,1255,1.0,1.0,194,"[{""ids"": [2, 186], ""points"": 176}]","[0.15304803848266602, 0.13175129890441895, 0.75]"
82,ROI-0082,388,0.25644768856447686,0.259861932938856,0.2573099415204678,195,21,15,159,1220,929,1500,0.9333333333333333,0.9487179487179487,46,"[{""ids"": [2, 206], ""points"": 110}, {""ids"": [2, 186], ""points"": 40}, {""ids"": [186, 206], ""points"": 8}, {""ids"": [179, 186], ""points"": 1}]","[0.15062856674194336, 0.5500000715255737, 0.22999995946884155]"
83,ROI-0083,963,0.25641025641025644,0.8333333333333334,0.8888888888888888,6,1,0,5,75,51,1330,1.0,1.0,143,"[{""ids"": [181, 206], ""points"": 3}, {""ids"": [13, 181], ""points"": 2}]","[0.06191134452819824, 0.052193641662597656, 0.0703774094581604]"
84,ROI-0084,150,0.25536231884057975,0.2594228504122497,0.2527881040892193,434,334,22,78,1295,310,1610,0.3559870550161812,0.39158576051779936,45,"[{""ids"": [79, 216], ""points"": 78}]","[0.4500000476837158, 0.24491071701049805, 0.13617324829101562]"
85,ROI-0085,396,0.2543196544276458,0.2593612334801762,0.2564575645756458,139,0,0,139,1179,950,1170,0.9763779527559056,0.9921259842519685,159,"[{""ids"": [2, 186], ""points"": 110}, {""ids"": [33, 186], ""points"": 17}, {""ids"": [179, 186], ""points"": 9}, {""ids"": [2, 33], ""points"": 3}]","[0.28740787506103516, 0.3034781813621521, 0.1158066987991333]"
86,ROI-0086,108,0.2533930177418036,0.255082304526749,0.259475850119125,557,111,251,195,2601,1516,1990,1.0,1.0,7,"[{""ids"": [33, 792], ""points"": 195}]","[0.5399999618530273, 0.5371484756469727, 0.021834373474121094]"
87,ROI-0087,78,0.2503822629969419,0.25565964090554255,0.25137614678899084,137,0,0,137,1413,1208,850,1.0,1.0,35,"[{""ids"": [2, 186], ""points"": 61}, {""ids"": [179, 186], ""points"": 36}, {""ids"": [57, 186], ""points"": 19}, {""ids"": [57, 179], ""points"": 18}]","[0.5799999237060547, 0.12050628662109375, 0.1326385736465454]"
88,ROI-0088,210,0.25029904306220097,0.2530229746070133,0.24645390070921985,495,311,29,155,1911,1252,1870,0.4075067024128686,0.4316353887399464,145,"[{""ids"": [218, 219], ""points"": 125}, {""ids"": [218, 349], ""points"": 14}, {""ids"": [219, 349], ""points"": 14}, {""ids"": [218, 698], ""points"": 1}]","[0.33054161071777344, 0.309999942779541, 0.1508486270904541]"
89,ROI-0089,91,0.25000000000000006,0.25596816976127323,0.2782608695652174,128,0,0,128,1239,1058,820,1.0,1.0,47,"[{""ids"": [2, 186], ""points"": 69}, {""ids"": [179, 186], ""points"": 56}, {""ids"": [2, 19], ""points"": 2}, {""ids"": [57, 186], ""points"": 1}]","[0.5400002002716064, 0.12448239326477051, 0.11277306079864502]"
90,ROI-0090,179,0.25,0.2689075630252101,0.2784313725490196,142,142,0,0,173,16,1780,0.05154639175257732,0.05154639175257732,4,[],"[0.3093099594116211, 0.041121065616607666, 0.06395602226257324]"
91,ROI-0091,155,0.24435084904398982,0.24702622330359555,0.25649439431227783,615,449,9,157,1919,923,1245,0.2653061224489796,0.2653061224489796,208,"[{""ids"": [216, 220], ""points"": 154}, {""ids"": [216, 219], ""points"": 2}, {""ids"": [216, 766], ""points"": 1}]","[0.35012292861938477, 0.26999998092651367, 0.40000003576278687]"
92,ROI-0092,357,0.2436683006535948,0.24638579099545643,0.24146981627296588,815,802,13,0,1602,588,20,0.08710217755443886,0.11557788944723618,112,[],"[0.23577284812927246, 0.18772897124290466, 0.243380606174469]"
93,ROI-0093,229,0.2430785250520642,0.24551472407819847,0.24366110080395795,315,47,63,205,1764,1109,445,0.6262975778546713,0.7647058823529411,119,"[{""ids"": [7, 13], ""points"": 204}, {""ids"": [2, 7], ""points"": 1}]","[0.27299073338508606, 0.39943498373031616, 0.08575880527496338]"
94,ROI-0094,34,0.24116161616161616,0.24792315680166147,0.275049115913556,140,0,0,140,1380,1199,1105,1.0,1.0,64,"[{""ids"": [2, 186], ""points"": 79}, {""ids"": [179, 186], ""points"": 30}, {""ids"": [2, 179], ""points"": 29}, {""ids"": [2, 19], ""points"": 2}]","[0.570000171661377, 0.16118073463439941, 0.12000000476837158]"
95,ROI-0095,338,0.2408394906826525,0.24129361920059592,0.24001085776330075,4363,4305,58,0,7688,3287,5,0.0611353711790393,0.0794759825327511,135,[],"[0.48987913131713867, 0.5616382360458374, 0.29587453603744507]"
96,ROI-0096,349,0.23898750821827747,0.2433065595716198,0.2302459445316588,148,2,0,146,1646,1443,565,1.0,1.0,123,"[{""ids"": [10, 19], ""points"": 146}]","[0.19999998807907104, 0.07574009895324707, 0.6499999761581421]"
97,ROI-0097,43,0.2383977900552486,0.24079241071428573,0.2462686567164179,264,0,0,264,1934,1508,1585,1.0,1.0,145,"[{""ids"": [2, 186], ""points"": 170}, {""ids"": [57, 179], ""points"": 56}, {""ids"": [179, 186], ""points"": 37}, {""ids"": [57, 186], ""points"": 1}]","[0.5399999618530273, 0.16162538528442383, 0.2999999523162842]"
98,ROI-0098,145,0.23731884057971014,0.24205469327420548,0.242,121,0,0,121,1254,1014,1700,1.0,1.0,49,"[{""ids"": [18, 153], ""points"": 65}, {""ids"": [13, 153], ""points"": 42}, {""ids"": [13, 15], ""points"": 12}, {""ids"": [13, 18], ""points"": 2}]","[0.2999999523162842, 0.5099999904632568, 0.022554636001586914]"
99,ROI-0099,345,0.23715415019762845,0.2414486921529175,0.2784,174,0,0,174,1451,1156,575,1.0,1.0,117,"[{""ids"": [10, 19], ""points"": 174}]","[0.41999995708465576, 0.06971251964569092, 0.3700000047683716]"
100,ROI-0100,227,0.23711755233494364,0.2410476775117659,0.24413145539906103,433,341,45,47,1197,513,830,0.13707165109034267,0.16822429906542055,229,"[{""ids"": [13, 182], ""points"": 46}, {""ids"": [13, 181], ""points"": 1}]","[0.17618465423583984, 0.35158976912498474, 0.2029644250869751]"
101,ROI-0101,272,0.23704358068315665,0.23894330661917482,0.24658215262242109,332,2,0,330,2643,2289,1680,1.0,1.0,80,"[{""ids"": [18, 153], ""points"": 144}, {""ids"": [13, 18], ""points"": 137}, {""ids"": [18, 25], ""points"": 24}, {""ids"": [13, 153], ""points"": 22}]","[0.6799999475479126, 0.5499999523162842, 0.017792463302612305]"
102,ROI-0102,79,0.23296703296703297,0.23766816143497757,0.22330097087378642,115,0,0,115,1236,1063,150,1.0,1.0,87,"[{""ids"": [19, 57], ""points"": 66}, {""ids"": [57, 186], ""points"": 49}]","[0.21644407510757446, 0.020102739334106445, 0.5399999618530273]"
103,ROI-0103,114,0.23278158295281584,0.2364251207729469,0.2307070707070707,424,339,23,62,1339,669,820,0.15950920245398773,0.25153374233128833,206,"[{""ids"": [13, 206], ""points"": 60}, {""ids"": [13, 181], ""points"": 2}]","[0.17147302627563477, 0.41719305515289307, 0.1457608938217163]"
104,ROI-0104,107,0.23210831721470018,0.23622047244094488,0.2531446540880503,163,2,2,159,1485,1217,150,1.0,1.0,94,"[{""ids"": [19, 57], ""points"": 81}, {""ids"": [19, 186], ""points"": 49}, {""ids"": [2, 19], ""points"": 12}, {""ids"": [2, 186], ""points"": 9}]","[0.4999999701976776, 0.15350961685180664, 0.13053956627845764]"
105,ROI-0105,243,0.22988874625588362,0.23257575757575757,0.22950232724668815,588,538,47,3,1434,578,235,0.13821138211382114,0.17886178861788618,106,"[{""ids"": [7, 13], ""points"": 3}]","[0.2717050313949585, 0.24163246154785156, 0.4640464782714844]"
106,ROI-0106,397,0.22696078431372552,0.23000496770988574,0.24167694204685575,196,0,0,196,1776,1392,1200,0.9825581395348837,1.0,138,"[{""ids"": [2, 186], ""points"": 182}, {""ids"": [33, 186], ""points"": 13}, {""ids"": [2, 33], ""points"": 1}]","[0.24482202529907227, 0.6200001239776611, 0.16749334335327148]"
107,ROI-0107,226,0.22531769305962854,0.23142570281124497,0.23405797101449274,305,287,18,0,849,401,1300,0.10185185185185185,0.16203703703703703,179,[],"[0.16375446319580078, 0.5251647233963013, 0.04212021827697754]"
108,ROI-0108,309,0.22283406754772395,0.22734082397003746,0.2259182259182259,111,1,5,105,1055,824,935,0.8037383177570093,0.9065420560747663,24,"[{""ids"": [13, 322], ""points"": 100}, {""ids"": [2, 322], ""points"": 4}, {""ids"": [2, 13], ""points"": 1}]","[0.4100000858306885, 0.4345736503601074, 0.11620557308197021]"
109,ROI-0109,213,0.22267450625659582,0.22542735042735043,0.22575136612021857,482,383,19,80,1810,959,1240,0.1850828729281768,0.2292817679558011,151,"[{""ids"": [219, 349], ""points"": 32}, {""ids"": [218, 349], ""points"": 27}, {""ids"": [218, 219], ""points"": 20}, {""ids"": [219, 695], ""points"": 1}]","[0.3649773597717285, 0.3399999141693115, 0.15093094110488892]"
110,ROI-0110,343,0.22257607926397735,0.22581224196733082,0.18883415435139572,154,1,0,153,1900,1679,435,1.0,1.0,123,"[{""ids"": [10, 19], ""points"": 153}]","[0.26388007402420044, 0.07431614398956299, 0.6600000262260437]"
111,ROI-0111,341,0.22055388722055388,0.22255892255892257,0.2291296625222025,314,82,4,228,2085,1668,610,0.723404255319149,0.723404255319149,114,"[{""ids"": [10, 19], ""points"": 185}, {""ids"": [2, 10], ""points"": 25}, {""ids"": [2, 19], ""points"": 18}]","[0.4220065474510193, 0.07472574710845947, 0.5299999713897705]"
112,ROI-0112,421,0.2204630216029836,0.22109311598038175,0.22196059963896084,2678,2560,86,32,5718,2971,760,0.040683073832245106,0.077850326469111,198,"[{""ids"": [57, 224], ""points"": 16}, {""ids"": [2, 224], ""points"": 11}, {""ids"": [186, 224], ""points"": 2}, {""ids"": [2, 179], ""points"": 1}]","[0.5058770179748535, 0.481156587600708, 0.301453560590744]"
113,ROI-0113,238,0.22039190353143842,0.2229847494553377,0.21806853582554517,681,662,19,0,1702,789,1920,0.04930966469428008,0.09664694280078895,107,[],"[0.2532951235771179, 0.25498104095458984, 0.3403743803501129]"
114,ROI-0114,284,0.21956521739130436,0.22394678492239467,0.22002820874471085,447,430,13,4,1010,488,1500,0.046357615894039736,0.09933774834437085,93,"[{""ids"": [2, 14], ""points"": 2}, {""ids"": [14, 162], ""points"": 2}]","[0.21491384506225586, 0.24586451053619385, 0.19430011510849]"
115,ROI-0115,60,0.21743697478991597,0.22162740899357602,0.2677595628415301,147,0,0,147,1240,1022,1815,1.0,1.0,96,"[{""ids"": [19, 57], ""points"": 89}, {""ids"": [19, 186], ""points"": 42}, {""ids"": [2, 19], ""points"": 14}, {""ids"": [57, 186], ""points"": 2}]","[0.13870161771774292, 0.13718318939208984, 0.45526859164237976]"
116,ROI-0116,514,0.2165385846942043,0.2193836171938362,0.24170616113744076,552,391,109,52,2111,1294,1895,0.2017291066282421,0.30547550432276654,67,"[{""ids"": [13, 216], ""points"": 27}, {""ids"": [13, 753], ""points"": 7}, {""ids"": [13, 775], ""points"": 7}, {""ids"": [13, 757], ""points"": 6}]","[0.5899996757507324, 0.1901233196258545, 0.20826458930969238]"
117,ROI-0117,161,0.21479552469135804,0.21820497746423673,0.22274633123689727,401,377,24,0,1009,471,1625,0.07062146892655367,0.10734463276836158,22,[],"[0.09120535850524902, 0.2200000286102295, 0.431130051612854]"
118,ROI-0118,162,0.2132288946910357,0.21836007130124777,0.22254475084663763,453,447,5,1,1008,467,1575,0.09411764705882353,0.11372549019607843,39,"[{""ids"": [216, 537], ""points"": 1}]","[0.4599761962890625, 0.1804502010345459, 0.10000002384185791]"
119,ROI-0119,6,0.21224899598393573,0.21457572066585465,0.21066666666666667,513,474,38,1,1215,436,1745,0.11776447105788423,0.15768463073852296,23,"[{""ids"": [2, 14], ""points"": 1}]","[0.6348674297332764, 0.16848450899124146, 0.11116069555282593]"
120,ROI-0120,185,0.2120634920634921,0.2157622739018088,0.2174900624645088,357,341,6,10,935,325,775,0.18181818181818182,0.21316614420062696,22,"[{""ids"": [13, 172], ""points"": 10}]","[0.35678791999816895, 0.16354775428771973, 0.2899587154388428]"
121,ROI-0121,212,0.21081747709654683,0.21490660919540228,0.223018147086915,366,306,19,41,1170,618,1150,0.14457831325301204,0.21285140562248997,212,"[{""ids"": [2, 218], ""points"": 35}, {""ids"": [216, 218], ""points"": 3}, {""ids"": [13, 218], ""points"": 1}, {""ids"": [2, 13], ""points"": 1}]","[0.28510618209838867, 0.40494275093078613, 0.12645047903060913]"
122,ROI-0122,256,0.20991952955741253,0.21258423444601157,0.2096890817064353,544,516,20,8,1471,610,35,0.03464203233256351,0.06235565819861432,37,"[{""ids"": [14, 18], ""points"": 5}, {""ids"": [8, 14], ""points"": 2}, {""ids"": [18, 139], ""points"": 1}]","[0.3395109176635742, 0.4545024633407593, 0.13518327474594116]"
123,ROI-0123,7,0.20895809304113802,0.21114996114996115,0.2139917695473251,555,538,17,0,1276,504,1745,0.056925996204933584,0.08538899430740038,25,[],"[0.619999885559082, 0.16702818870544434, 0.09999996423721313]"
124,ROI-0124,242,0.20867091049382713,0.21198314716833233,0.20496362858365424,420,361,59,0,1284,670,1990,0.17337461300309598,0.22291021671826625,105,[],"[0.30375149846076965, 0.11750292778015137, 0.3912889361381531]"
125,ROI-0125,335,0.20804328806725247,0.208686278998779,0.20710398166714408,1596,1246,127,223,5603,3734,0,0.20148148148148148,0.28074074074074074,118,"[{""ids"": [2, 3], ""points"": 139}, {""ids"": [3, 7], ""points"": 47}, {""ids"": [7, 16], ""points"": 13}, {""ids"": [2, 16], ""points"": 12}]","[0.4576680064201355, 0.7108592987060547, 0.30437952280044556]"
126,ROI-0126,117,0.2079248366013072,0.21142263759086188,0.20485651214128037,375,324,13,38,1305,696,825,0.12027491408934708,0.17869415807560138,194,"[{""ids"": [13, 206], ""points"": 37}, {""ids"": [13, 181], ""points"": 1}]","[0.16784000396728516, 0.501436710357666, 0.15595948696136475]"
127,ROI-0127,626,0.20751633986928103,0.2222222222222222,0.2072072072072072,31,0,1,30,260,219,1745,1.0,1.0,11,"[{""ids"": [2, 14], ""points"": 21}, {""ids"": [2, 18], ""points"": 4}, {""ids"": [2, 673], ""points"": 3}, {""ids"": [2, 648], ""points"": 1}]","[0.1700000762939453, 0.01349794864654541, 0.23089450597763062]"
128,ROI-0128,258,0.20704845814977973,0.20982142857142858,0.21568627450980393,544,538,6,0,1283,470,0,0.03818615751789976,0.057279236276849645,71,[],"[0.39855778217315674, 0.2735857367515564, 0.10342329740524292]"
129,ROI-0129,292,0.20671521035598706,0.21133167907361455,0.21161495624502785,161,71,75,15,826,543,830,0.7402597402597403,0.948051948051948,32,"[{""ids"": [13, 206], ""points"": 13}, {""ids"": [13, 174], ""points"": 1}, {""ids"": [13, 283], ""points"": 1}]","[0.2142491340637207, 0.5, 0.01620316505432129]"
130,ROI-0130,248,0.20617283950617282,0.2082553934405786,0.215148835838491,691,652,39,0,1564,702,945,0.0600375234521576,0.10131332082551595,59,[],"[0.16000008583068848, 0.2799999713897705, 0.32371699810028076]"
131,ROI-0131,220,0.20574318812204276,0.20849867724867724,0.20501138952164008,458,400,34,24,1461,799,650,0.06166219839142091,0.10455764075067024,220,"[{""ids"": [13, 182], ""points"": 23}, {""ids"": [13, 449], ""points"": 1}]","[0.3650355339050293, 0.3057795763015747, 0.17519986629486084]"
132,ROI-0132,310,0.20550964187327825,0.2086129753914989,0.2170849845882871,490,487,3,0,1285,547,1860,0.08333333333333333,0.09946236559139784,54,[],"[0.25, 0.20000004768371582, 0.29409313201904297]"
133,ROI-0133,154,0.2051490514905149,0.2081958195819582,0.21501948281969535,601,596,4,1,1551,706,1440,0.03183023872679045,0.04774535809018567,175,"[{""ids"": [219, 349], ""points"": 1}]","[0.24451351165771484, 0.3760795593261719, 0.24863272905349731]"
134,ROI-0134,320,0.20499146757679182,0.20657781599312125,0.20857843137254903,535,321,112,102,2380,1583,335,0.2776617954070981,0.4133611691022965,116,"[{""ids"": [7, 13], ""points"": 68}, {""ids"": [2, 7], ""points"": 33}, {""ids"": [2, 13], ""points"": 1}]","[0.28999999165534973, 0.539718747138977, 0.1794600486755371]"
135,ROI-0135,512,0.20370370370370372,0.2063041765169425,0.24451097804391217,570,436,103,31,2019,1159,1925,0.260989010989011,0.38461538461538464,36,"[{""ids"": [13, 216], ""points"": 7}, {""ids"": [13, 778], ""points"": 7}, {""ids"": [13, 753], ""points"": 4}, {""ids"": [13, 775], ""points"": 3}]","[0.6099998950958252, 0.16022205352783203, 0.20525836944580078]"
136,ROI-0136,312,0.20347437220502237,0.20634920634920637,0.21170697511391517,595,587,7,1,1724,794,960,0.11568123393316196,0.12082262210796915,67,"[{""ids"": [80, 322], ""points"": 1}]","[0.3693358898162842, 0.2741670608520508, 0.24446558952331543]"
137,ROI-0137,181,0.20256410256410257,0.20572916666666666,0.20488195278111246,508,504,4,0,1294,587,1525,0.04132231404958678,0.046831955922865015,185,[],"[0.2449655532836914, 0.5334048867225647, 0.08037316799163818]"
138,ROI-0138,143,0.20243309002433088,0.20512820512820512,0.197698314837649,389,341,4,44,1551,932,340,0.17696629213483145,0.22191011235955055,57,"[{""ids"": [5, 15], ""points"": 37}, {""ids"": [13, 15], ""points"": 6}, {""ids"": [5, 13], ""points"": 1}]","[0.24412620067596436, 0.4519909620285034, 0.25999999046325684]"
139,ROI-0139,51,0.20233812949640287,0.20910780669144982,0.24263038548752835,107,0,0,107,1187,1025,1035,1.0,1.0,75,"[{""ids"": [2, 186], ""points"": 46}, {""ids"": [179, 186], ""points"": 38}, {""ids"": [2, 179], ""points"": 23}]","[0.5, 0.11800670623779297, 0.11371278762817383]"
140,ROI-0140,146,0.20190156599552572,0.2060502283105023,0.1984126984126984,273,227,40,6,1151,612,235,0.11255411255411256,0.20346320346320346,27,"[{""ids"": [5, 15], ""points"": 4}, {""ids"": [5, 13], ""points"": 2}]","[0.3477226495742798, 0.15697741508483887, 0.3299999237060547]"
141,ROI-0141,197,0.20189950980392157,0.20529595015576324,0.20147679324894516,359,340,15,4,1079,505,1575,0.13622291021671826,0.17337461300309598,70,"[{""ids"": [13, 172], ""points"": 4}]","[0.482621431350708, 0.1367931365966797, 0.0897681713104248]"
142,ROI-0142,533,0.2014218009478673,0.2103960396039604,0.21030042918454936,49,0,0,49,652,593,535,0.8372093023255814,1.0,55,"[{""ids"": [18, 154], ""points"": 25}, {""ids"": [2, 154], ""points"": 12}, {""ids"": [2, 18], ""points"": 7}, {""ids"": [2, 14], ""points"": 2}]","[0.25649213790893555, 0.011300802230834961, 0.25999999046325684]"
143,ROI-0143,120,0.2011251758087201,0.20906432748538012,0.21779548472775564,136,108,28,0,505,210,1230,0.14166666666666666,0.26666666666666666,48,[],"[0.2676734924316406, 0.04424858093261719, 0.21158075332641602]"
144,ROI-0144,158,0.2010268562401264,0.2031936127744511,0.20971775634155054,570,553,17,0,1520,666,830,0.05835010060362173,0.06841046277665996,58,[],"[0.13240361213684082, 0.24564909934997559, 0.550000011920929]"
145,ROI-0145,94,0.19837587006960558,0.20260663507109006,0.20444444444444446,92,0,0,92,1119,1000,160,1.0,1.0,78,"[{""ids"": [57, 186], ""points"": 91}, {""ids"": [19, 57], ""points"": 1}]","[0.20527833700180054, 0.02012181282043457, 0.5199999809265137]"
146,ROI-0146,280,0.19814814814814818,0.20193441849492808,0.19709737827715357,415,409,6,0,1176,525,1495,0.037800687285223365,0.06872852233676977,45,[],"[0.14007091522216797, 0.4100000262260437, 0.2999999523162842]"
147,ROI-0147,398,0.19783834586466165,0.20124282982791586,0.18454258675078863,117,0,0,117,1356,1119,1175,1.0,1.0,161,"[{""ids"": [2, 186], ""points"": 105}, {""ids"": [33, 186], ""points"": 12}]","[0.2396373748779297, 0.5600000023841858, 0.04580676555633545]"
148,ROI-0148,224,0.19670781893004113,0.20004184975936387,0.20803443328550933,354,273,81,0,1225,650,1505,0.29259259259259257,0.5370370370370371,67,[],"[0.2620849609375, 0.0648355484008789, 0.47999995946884155]"
149,ROI-0149,2,0.19668458781362008,0.19909297052154196,0.19592298980747452,512,505,7,0,1267,560,1255,0.0684931506849315,0.07077625570776255,37,[],"[0.6922099590301514, 0.144974946975708, 0.10320103168487549]"
150,ROI-0150,259,0.19621749408983452,0.2000482043865992,0.19784172661870503,321,313,7,1,817,193,375,0.08791208791208792,0.10256410256410256,32,"[{""ids"": [8, 18], ""points"": 1}]","[0.24000000953674316, 0.28999996185302734, 0.15460830926895142]"
151,ROI-0151,529,0.19607843137254902,0.4166666666666667,0.4444444444444444,6,1,0,5,104,72,610,1.0,1.0,201,"[{""ids"": [181, 182], ""points"": 3}, {""ids"": [13, 181], ""points"": 2}]","[0.07413601875305176, 0.06176865100860596, 0.0722506046295166]"
152,ROI-0152,404,0.1956521739130435,0.19919517102615694,0.22185792349726777,136,1,0,135,1511,1316,1265,1.0,1.0,181,"[{""ids"": [2, 186], ""points"": 117}, {""ids"": [179, 186], ""points"": 18}]","[0.15968561172485352, 0.15137910842895508, 0.6018839478492737]"
153,ROI-0153,353,0.1954365079365079,0.19944317894203997,0.20824742268041238,128,22,37,69,968,809,1875,0.9043478260869565,1.0,77,"[{""ids"": [13, 300], ""points"": 64}, {""ids"": [13, 481], ""points"": 1}, {""ids"": [13, 761], ""points"": 1}, {""ids"": [218, 300], ""points"": 1}]","[0.309999942779541, 0.43207788467407227, 0.022171735763549805]"
154,ROI-0154,198,0.19423558897243107,0.19690040650406504,0.1796875,465,451,10,4,1486,637,785,0.12533333333333332,0.14666666666666667,20,"[{""ids"": [13, 172], ""points"": 4}]","[0.5011661052703857, 0.11607825756072998, 0.28292930126190186]"
155,ROI-0155,215,0.1940700808625337,0.19889502762430938,0.21972318339100347,375,371,2,2,955,321,1525,0.02830188679245283,0.04245283018867924,44,"[{""ids"": [218, 539], ""points"": 1}, {""ids"": [218, 563], ""points"": 1}]","[0.22136926651000977, 0.3564305305480957, 0.11740857362747192]"
156,ROI-0156,0,0.19395280235988202,0.2019969278033794,0.21599169262720663,198,190,6,2,454,214,1245,0.08461538461538462,0.11538461538461539,49,"[{""ids"": [2, 14], ""points"": 1}, {""ids"": [14, 391], ""points"": 1}]","[0.25240135192871094, 0.12174403667449951, 0.05954676866531372]"
157,ROI-0157,86,0.19268077601410935,0.19578853046594982,0.21656976744186046,149,0,0,149,1408,1161,1780,1.0,1.0,97,"[{""ids"": [19, 57], ""points"": 69}, {""ids"": [19, 186], ""points"": 53}, {""ids"": [57, 186], ""points"": 11}, {""ids"": [2, 66], ""points"": 6}]","[0.4565281867980957, 0.1593620777130127, 0.1252686083316803]"
158,ROI-0158,184,0.19120108809374345,0.19449765857811835,0.19473480449090205,500,497,3,0,1448,654,1335,0.01607717041800643,0.01607717041800643,122,[],"[0.43111658096313477, 0.41999995708465576, 0.10662984848022461]"
159,ROI-0159,233,0.18964046313223643,0.1906862745098039,0.19462481962481962,653,317,246,90,3468,1896,315,0.25675675675675674,0.46790540540540543,105,"[{""ids"": [7, 13], ""points"": 90}]","[0.3481002748012543, 0.60999995470047, 0.17254459857940674]"
160,ROI-0160,217,0.1896099639462471,0.19478114478114475,0.20871559633027523,265,259,4,2,772,364,1260,0.09042553191489362,0.13297872340425532,61,"[{""ids"": [179, 182], ""points"": 2}]","[0.29860591888427734, 0.37022489309310913, 0.04315486550331116]"
161,ROI-0161,218,0.18953544061302685,0.19328449328449332,0.20827320827320828,365,297,68,0,1218,649,1525,0.19658119658119658,0.38461538461538464,53,[],"[0.35260677337646484, 0.2200000286102295, 0.36212021112442017]"
162,ROI-0162,254,0.18871569411137756,0.19077441077441076,0.18293838862559242,568,558,9,1,1642,762,390,0.053304904051172705,0.05970149253731343,119,"[{""ids"": [15, 18], ""points"": 1}]","[0.427213191986084, 0.2497529536485672, 0.09684157371520996]"
163,ROI-0163,183,0.18866213151927436,0.19100091827364554,0.20568851890391954,537,492,34,11,1717,873,1800,0.13802083333333334,0.15625,29,"[{""ids"": [13, 172], ""points"": 11}]","[0.49529194831848145, 0.15743017196655273, 0.316572904586792]"
164,ROI-0164,416,0.18862101094805497,0.19224833808167144,0.18863503222026948,108,0,2,106,1388,1036,1205,0.9690721649484536,0.9896907216494846,143,"[{""ids"": [179, 186], ""points"": 70}, {""ids"": [2, 186], ""points"": 36}]","[0.18169403076171875, 0.4699997901916504, 0.18415296077728271]"
165,ROI-0165,208,0.18818681318681318,0.1905424200278164,0.18527315914489312,411,373,19,19,1613,1032,255,0.11263736263736264,0.1565934065934066,50,"[{""ids"": [1, 15], ""points"": 19}]","[0.22444522380828857, 0.4871963560581207, 0.25]"
166,ROI-0166,147,0.18812260536398467,0.19209702660406885,0.18498498498498497,293,281,9,3,1050,645,1245,0.029166666666666667,0.058333333333333334,138,"[{""ids"": [13, 216], ""points"": 1}, {""ids"": [216, 300], ""points"": 1}, {""ids"": [457, 775], ""points"": 1}]","[0.25999975204467773, 0.21000003814697266, 0.30588769912719727]"
167,ROI-0167,513,0.18775790921595598,0.19011142061281336,0.21712239583333334,551,464,58,29,2091,1247,1915,0.10909090909090909,0.1606060606060606,61,"[{""ids"": [13, 216], ""points"": 15}, {""ids"": [13, 753], ""points"": 4}, {""ids"": [13, 757], ""points"": 4}, {""ids"": [13, 775], ""points"": 3}]","[0.5800001621246338, 0.17011451721191406, 0.2116166353225708]"
168,ROI-0168,194,0.1872852233676976,0.19022687609075042,0.18654434250764526,474,460,14,0,1498,779,985,0.027777777777777776,0.040123456790123455,75,[],"[0.4271879196166992, 0.34815847873687744, 0.11918866634368896]"
169,ROI-0169,182,0.1871403275785746,0.19055668244309218,0.2071156289707751,463,439,22,2,1581,896,1790,0.055762081784386616,0.05947955390334572,65,"[{""ids"": [13, 172], ""points"": 2}]","[0.4867215156555176, 0.251461923122406, 0.15166068077087402]"
170,ROI-0170,221,0.18689138576779027,0.19074923547400613,0.18571428571428572,289,267,21,1,990,519,1500,0.09205020920502092,0.14644351464435146,48,"[{""ids"": [13, 182], ""points"": 1}]","[0.4991416931152344, 0.08163273334503174, 0.24477660655975342]"
171,ROI-0171,412,0.18687556766575839,0.19157355679702048,0.22152777777777777,107,0,2,105,1277,1103,1240,1.0,1.0,156,"[{""ids"": [2, 186], ""points"": 75}, {""ids"": [179, 186], ""points"": 30}]","[0.14330244064331055, 0.10547780990600586, 0.5103256702423096]"
172,ROI-0172,255,0.1857035607035607,0.18733095315373796,0.19826338639652677,803,787,13,3,2187,772,670,0.02434782608695652,0.034782608695652174,70,"[{""ids"": [13, 18], ""points"": 2}, {""ids"": [18, 202], ""points"": 1}]","[0.36245250701904297, 0.4944824278354645, 0.17155325412750244]"
173,ROI-0173,318,0.18566775244299674,0.1884297520661157,0.18061271147690902,374,353,21,0,1275,773,0,0.11455108359133127,0.17027863777089783,108,[],"[0.35141441226005554, 0.11377497017383575, 0.36821234226226807]"
174,ROI-0174,187,0.18538757336571543,0.18847736625514402,0.19251600196947316,380,369,11,0,1312,670,1825,0.023333333333333334,0.02666666666666667,16,[],"[0.4845404624938965, 0.1432848572731018, 0.21469032764434814]"
175,ROI-0175,347,0.18528864059590316,0.1884469696969697,0.20294266869609334,134,0,2,132,1603,1410,0,1.0,1.0,122,"[{""ids"": [10, 19], ""points"": 132}]","[0.1899999976158142, 0.07575678825378418, 0.60999995470047]"
176,ROI-0176,222,0.18518518518518517,0.18775720164609053,0.1863410221619177,388,367,18,3,1316,704,1070,0.008695652173913044,0.014492753623188406,28,"[{""ids"": [2, 182], ""points"": 2}, {""ids"": [13, 182], ""points"": 1}]","[0.37999963760375977, 0.10960345715284348, 0.48000001907348633]"
177,ROI-0177,247,0.18512154766450295,0.18704989711934153,0.1989247311827957,751,731,14,6,2265,1082,1750,0.1092436974789916,0.1323529411764706,71,"[{""ids"": [80, 322], ""points"": 6}]","[0.3619537353515625, 0.3555912971496582, 0.2501007318496704]"
178,ROI-0178,303,0.18490566037735848,0.18702290076335878,0.19503945885005636,473,432,36,5,1594,977,780,0.11246943765281174,0.20048899755501223,72,"[{""ids"": [13, 14], ""points"": 5}]","[0.6691420078277588, 0.12409235537052155, 0.2166306972503662]"
179,ROI-0179,319,0.18437697659709043,0.18758043758043758,0.18715393133997785,322,306,16,0,1063,563,345,0.08960573476702509,0.15412186379928317,108,[],"[0.16193798184394836, 0.16731864213943481, 0.42021846771240234]"
180,ROI-0180,386,0.18421052631578946,0.19021739130434784,0.16459627329192547,53,0,0,53,980,760,1615,1.0,1.0,208,"[{""ids"": [179, 186], ""points"": 53}]","[0.10896968841552734, 0.49000000953674316, 0.11573907732963562]"
181,ROI-0181,110,0.18399768919699594,0.1869131455399061,0.18547140649149924,335,310,25,0,1200,754,1515,0.0945945945945946,0.15202702702702703,44,[],"[0.38634157180786133, 0.07675004005432129, 0.5199999213218689]"
182,ROI-0182,123,0.18377723970944312,0.18787128712871287,0.19298245614035087,99,0,0,99,1199,1023,1735,1.0,1.0,61,"[{""ids"": [13, 153], ""points"": 51}, {""ids"": [18, 153], ""points"": 43}, {""ids"": [25, 153], ""points"": 4}, {""ids"": [13, 25], ""points"": 1}]","[0.4731574058532715, 0.25999996066093445, 0.021979570388793945]"
183,ROI-0183,333,0.18377088305489261,0.1878048780487805,0.1878048780487805,77,0,0,77,1104,971,1170,0.987012987012987,1.0,130,"[{""ids"": [33, 210], ""points"": 77}]","[0.24000024795532227, 0.5199999809265137, 0.011605381965637207]"
184,ROI-0184,323,0.18338317613679933,0.18452932098765432,0.17486994797919167,551,362,55,134,3130,2515,0,0.44047619047619047,0.5119047619047619,117,"[{""ids"": [7, 20], ""points"": 116}, {""ids"": [2, 7], ""points"": 11}, {""ids"": [2, 20], ""points"": 7}]","[0.48129501938819885, 0.6200000047683716, 0.1011122465133667]"
185,ROI-0185,4,0.18305121527777776,0.18632648553125689,0.1971272907379891,366,334,32,0,1178,626,675,0.09615384615384616,0.15,51,[],"[0.0829918384552002, 0.2858666181564331, 0.5349011421203613]"
186,ROI-0186,1,0.18272569444444445,0.18711111111111112,0.19483568075117372,222,195,27,0,774,376,605,0.1076923076923077,0.2205128205128205,28,[],"[0.05182838439941406, 0.2799999713897705, 0.3799999952316284]"
187,ROI-0187,278,0.1826632079550367,0.18591859185918588,0.18562610229276896,418,415,3,0,1355,730,1260,0.041666666666666664,0.05555555555555555,167,[],"[0.1553783416748047, 0.28721708059310913, 0.39286988973617554]"
188,ROI-0188,286,0.18248456790123452,0.18479449914049068,0.1810747663551402,437,410,26,1,1630,884,1305,0.06084656084656084,0.0873015873015873,86,"[{""ids"": [2, 14], ""points"": 1}]","[0.5100002288818359, 0.27114003896713257, 0.14501667022705078]"
189,ROI-0189,92,0.1819484240687679,0.18676470588235294,0.22926829268292684,94,0,0,94,1136,998,740,1.0,1.0,166,"[{""ids"": [2, 186], ""points"": 57}, {""ids"": [179, 186], ""points"": 37}]","[0.12716054916381836, 0.10158276557922363, 0.4899999797344208]"
190,ROI-0190,152,0.1815736898724451,0.1838624338624339,0.17932922655715264,485,459,13,13,1725,953,1460,0.06666666666666667,0.09066666666666667,185,"[{""ids"": [216, 219], ""points"": 3}, {""ids"": [216, 234], ""points"": 3}, {""ids"": [216, 479], ""points"": 2}, {""ids"": [2, 216], ""points"": 1}]","[0.37248802185058594, 0.4922022819519043, 0.13140606880187988]"
191,ROI-0191,246,0.180803912578328,0.1830702568864129,0.19682539682539682,443,312,85,46,1825,1221,935,0.29260450160771706,0.3536977491961415,53,"[{""ids"": [80, 216], ""points"": 23}, {""ids"": [13, 80], ""points"": 18}, {""ids"": [13, 216], ""points"": 5}]","[0.24000000953674316, 0.43894100189208984, 0.2962646484375]"
192,ROI-0192,305,0.18025751072961374,0.1826086956521739,0.18456531845653185,368,345,17,6,1318,796,780,0.08,0.12285714285714286,40,"[{""ids"": [13, 14], ""points"": 3}, {""ids"": [13, 251], ""points"": 1}, {""ids"": [14, 243], ""points"": 1}, {""ids"": [14, 251], ""points"": 1}]","[0.5400002002716064, 0.10154123604297638, 0.20609867572784424]"
193,ROI-0193,314,0.18020736614051377,0.1824949067544272,0.1851126346718903,380,274,25,81,1841,1367,225,0.4126984126984127,0.47619047619047616,39,"[{""ids"": [79, 216], ""points"": 53}, {""ids"": [77, 79], ""points"": 16}, {""ids"": [77, 216], ""points"": 12}]","[0.31967878341674805, 0.22118544578552246, 0.25865793228149414]"
194,ROI-0194,5,0.18003285543608122,0.1822373393801965,0.18303747534516765,453,442,11,0,1424,619,0,0.07868020304568528,0.11928934010152284,31,[],"[0.451735258102417, 0.1893610954284668, 0.2549883723258972]"
195,ROI-0195,112,0.17994100294985252,0.18236173393124067,0.18611111111111112,302,202,100,0,1291,736,1230,0.24912280701754386,0.4631578947368421,52,[],"[0.31533002853393555, 0.049015045166015625, 0.5543633103370667]"
196,ROI-0196,196,0.17962962962962964,0.18582375478927204,0.18741058655221746,260,258,2,0,791,343,1575,0.013513513513513514,0.02027027027027027,23,[],"[0.34169983863830566, 0.12393224239349365, 0.10459470748901367]"
197,ROI-0197,493,0.17829457364341086,0.18253968253968253,0.17643097643097644,262,262,0,0,1307,396,700,0.014423076923076924,0.014423076923076924,54,[],"[0.19405889511108398, 0.13030976057052612, 0.3939545154571533]"
198,ROI-0198,115,0.17822966507177032,0.1821515892420538,0.19531731361675908,316,315,1,0,1014,535,1290,0.0043859649122807015,0.0043859649122807015,11,[],"[0.16007041931152344, 0.5040692090988159, 0.035822153091430664]"
199,ROI-0199,118,0.17786069651741296,0.19066666666666668,0.19154228855721392,67,57,10,0,365,78,1240,0.14285714285714285,0.31746031746031744,18,[],"[0.19453954696655273, 0.03290987014770508, 0.32999998331069946]"
200,ROI-0200,214,0.1770482603815937,0.17977207977207976,0.17799752781211373,364,323,14,27,1366,731,1860,0.0880281690140845,0.13732394366197184,212,"[{""ids"": [2, 218], ""points"": 26}, {""ids"": [2, 181], ""points"": 1}]","[0.4508204460144043, 0.22334766387939453, 0.12390190362930298]"
201,ROI-0201,137,0.17682926829268292,0.18181818181818182,0.1834862385321101,60,0,0,60,824,736,370,1.0,1.0,94,"[{""ids"": [13, 15], ""points"": 60}]","[0.3591710329055786, 0.2499999701976776, 0.020037293434143066]"
202,ROI-0202,500,0.17666666666666667,0.21544715447154472,0.21428571428571427,24,18,0,6,273,248,625,0.4444444444444444,0.6666666666666666,222,"[{""ids"": [13, 181], ""points"": 5}, {""ids"": [181, 182], ""points"": 1}]","[0.12037205696105957, 0.08216226100921631, 0.11000001430511475]"
203,ROI-0203,1029,0.1763668430335097,0.20576131687242796,0.21754385964912282,61,60,1,0,108,28,950,0.3333333333333333,0.5,55,[],"[0.06620359420776367, 0.08350801467895508, 0.04413866996765137]"
204,ROI-0204,405,0.17595129375951296,0.18039950062421975,0.1695906432748538,79,2,1,76,1217,1107,1200,0.9583333333333334,0.9861111111111112,155,"[{""ids"": [179, 186], ""points"": 75}, {""ids"": [2, 186], ""points"": 1}]","[0.1824660301208496, 0.49000000953674316, 0.10039782524108887]"
205,ROI-0205,241,0.17579617834394903,0.17783505154639176,0.17614533965244866,340,252,70,18,1989,1204,325,0.14330218068535824,0.30218068535825543,98,"[{""ids"": [7, 13], ""points"": 17}, {""ids"": [2, 7], ""points"": 1}]","[0.341235488653183, 0.42000001668930054, 0.1684325933456421]"
206,ROI-0206,204,0.17564102564102563,0.17810712428497139,0.1725225225225225,345,307,38,0,1348,756,215,0.09206349206349207,0.17142857142857143,27,[],"[0.40437233448028564, 0.12930381298065186, 0.36077427864074707]"
207,ROI-0207,164,0.17553191489361702,0.1789587852494577,0.18866213151927438,402,390,10,2,1310,680,1600,0.052845528455284556,0.1016260162601626,14,"[{""ids"": [2, 216], ""points"": 2}]","[0.5699999332427979, 0.1608898639678955, 0.07273638248443604]"
208,ROI-0208,228,0.1754424136930664,0.17966428995840758,0.19291587602783047,259,213,46,0,907,427,1510,0.12849162011173185,0.2849162011173184,38,[],"[0.23999977111816406, 0.07221585512161255, 0.4360751509666443]"
209,ROI-0209,285,0.17462932454695224,0.17725752508361203,0.17640863612427593,326,317,9,0,1186,655,1325,0.04516129032258064,0.07741935483870968,35,[],"[0.48999977111816406, 0.22999995946884155, 0.10955435037612915]"
210,ROI-0210,211,0.17391789379741185,0.17711883662803907,0.18867924528301888,423,406,7,10,1268,583,1500,0.10526315789473684,0.12955465587044535,66,"[{""ids"": [218, 349], ""points"": 9}, {""ids"": [349, 542], ""points"": 1}]","[0.29497718811035156, 0.39174628257751465, 0.09921824932098389]"
211,ROI-0211,8,0.17353951890034366,0.17766051011433598,0.201363073110285,312,302,7,3,1029,538,1640,0.05612244897959184,0.08673469387755102,29,"[{""ids"": [14, 18], ""points"": 2}, {""ids"": [13, 18], ""points"": 1}]","[0.09645676612854004, 0.5099999904632568, 0.2364901304244995]"
212,ROI-0212,235,0.1733821733821734,0.17628801986343887,0.18440709617180207,315,258,34,23,1517,1005,1915,0.29596412556053814,0.38565022421524664,109,"[{""ids"": [4, 7], ""points"": 21}, {""ids"": [2, 4], ""points"": 2}]","[0.36732420325279236, 0.1799999475479126, 0.27692198753356934]"
213,ROI-0213,302,0.1726844583987441,0.1751592356687898,0.178117048346056,344,340,2,2,1312,775,600,0.021604938271604937,0.043209876543209874,22,"[{""ids"": [13, 243], ""points"": 1}, {""ids"": [14, 243], ""points"": 1}]","[0.5385298728942871, 0.11329647898674011, 0.19616317749023438]"
214,ROI-0214,186,0.1722741433021807,0.17522179974651458,0.17225325884543763,359,348,11,0,1313,616,780,0.02867383512544803,0.035842293906810034,31,[],"[0.47113561630249023, 0.11827278137207031, 0.20280897617340088]"
215,ROI-0215,140,0.17211246200607902,0.17449922958397535,0.17739003998545982,450,412,38,0,1667,1006,1745,0.14153846153846153,0.18461538461538463,15,[],"[0.18636715412139893, 0.4892921447753906, 0.39735257625579834]"
216,ROI-0216,122,0.1718298223874432,0.17475320310859063,0.17501439263097293,248,192,56,0,1193,769,1225,0.11304347826086956,0.20434782608695654,41,[],"[0.27506351470947266, 0.08645343780517578, 0.4854218661785126]"
217,ROI-0217,166,0.17169540229885055,0.1762536873156342,0.18089103596349973,325,313,12,0,1174,654,1590,0.10810810810810811,0.14594594594594595,15,[],"[0.514448881149292, 0.14827537536621094, 0.06397110223770142]"
218,ROI-0218,207,0.17150537634408602,0.1740316421167485,0.17054263565891473,315,256,59,0,1360,872,0,0.16974169741697417,0.22140221402214022,34,[],"[0.4488718509674072, 0.15555748343467712, 0.3838002681732178]"
219,ROI-0219,223,0.1714142928535732,0.17375886524822695,0.164,328,288,39,1,1435,888,1080,0.08852459016393442,0.1180327868852459,94,"[{""ids"": [13, 182], ""points"": 1}]","[0.39296388626098633, 0.12000773102045059, 0.41999995708465576]"
220,ROI-0220,287,0.17137571476622937,0.17294636795655124,0.17671451355661882,544,534,10,0,2048,1230,0,0.07722772277227723,0.09306930693069307,20,[],"[0.6042985916137695, 0.25, 0.130204439163208]"
221,ROI-0221,1280,0.17129629629629628,0.22839506172839505,0.2261904761904762,15,12,2,1,65,8,1775,0.3333333333333333,0.6,4,"[{""ids"": [13, 172], ""points"": 1}]","[0.13000011444091797, 0.02112102508544922, 0.06390058994293213]"
222,ROI-0222,511,0.17123678948871748,0.1752923976608187,0.19376947040498443,189,114,28,47,1224,893,1875,0.31297709923664124,0.32061068702290074,153,"[{""ids"": [13, 216], ""points"": 43}, {""ids"": [13, 753], ""points"": 2}, {""ids"": [13, 757], ""points"": 1}, {""ids"": [216, 775], ""points"": 1}]","[0.359527587890625, 0.2200000286102295, 0.19617092609405518]"
223,ROI-0223,119,0.1712169312169312,0.17420327304048233,0.16838487972508592,301,260,40,1,1286,738,1105,0.05263157894736842,0.11740890688259109,124,"[{""ids"": [13, 206], ""points"": 1}]","[0.5236945152282715, 0.1330636739730835, 0.24576079845428467]"
224,ROI-0224,163,0.1704225352112676,0.17485549132947978,0.18773333333333334,330,317,4,9,1215,646,1555,0.05056179775280899,0.07865168539325842,36,"[{""ids"": [216, 234], ""points"": 6}, {""ids"": [216, 567], ""points"": 1}, {""ids"": [216, 573], ""points"": 1}, {""ids"": [234, 567], ""points"": 1}]","[0.4342617988586426, 0.24910521507263184, 0.12140607833862305]"
225,ROI-0225,281,0.17041446208112876,0.17457091237579042,0.17342342342342343,294,283,8,3,1144,739,660,0.09844559585492228,0.13471502590673576,120,"[{""ids"": [13, 14], ""points"": 3}]","[0.224884033203125, 0.17999999225139618, 0.39171290397644043]"
226,ROI-0226,25,0.1702827087442472,0.17180762852404644,0.17539109506618533,322,64,255,3,1704,1083,1990,1.0,1.0,3,"[{""ids"": [33, 792], ""points"": 3}]","[0.5853803157806396, 0.5299999713897705, 0.013627171516418457]"
227,ROI-0227,819,0.17010309278350516,0.1875,0.21212121212121213,21,0,0,21,286,265,800,1.0,1.0,5,"[{""ids"": [2, 216], ""points"": 20}, {""ids"": [2, 252], ""points"": 1}]","[0.12999987602233887, 0.0057256221771240234, 0.28999996185302734]"
228,ROI-0228,193,0.17007554818500092,0.1726524504302282,0.17452229299363056,407,403,4,0,1265,647,1320,0.006493506493506494,0.006493506493506494,22,[],"[0.5795869827270508, 0.2222219705581665, 0.08168578147888184]"
229,ROI-0229,279,0.1698534098151689,0.17282749675745784,0.1778692272519433,364,341,21,2,1377,796,1255,0.07450980392156863,0.12549019607843137,130,"[{""ids"": [162, 378], ""points"": 2}]","[0.45063114166259766, 0.2751525640487671, 0.2121208906173706]"
230,ROI-0230,75,0.1687179487179487,0.17352320675105484,0.2163265306122449,107,1,1,105,1337,1165,1040,1.0,1.0,67,"[{""ids"": [2, 186], ""points"": 52}, {""ids"": [2, 179], ""points"": 44}, {""ids"": [179, 186], ""points"": 9}]","[0.5422825813293457, 0.16891956329345703, 0.12391209602355957]"
231,ROI-0231,253,0.16810966810966813,0.1714495952906549,0.16404199475065617,98,17,10,71,1196,1086,1235,0.8888888888888888,0.9,155,"[{""ids"": [2, 346], ""points"": 47}, {""ids"": [2, 348], ""points"": 24}]","[0.38000011444091797, 0.02383136749267578, 0.307125449180603]"
232,ROI-0232,401,0.16806722689075632,0.1724137931034483,0.15121951219512195,62,0,0,62,1251,1147,1160,0.967741935483871,1.0,170,"[{""ids"": [179, 186], ""points"": 62}]","[0.14624977111816406, 0.5899999737739563, 0.08001279830932617]"
233,ROI-0233,192,0.16764010568766513,0.16954992967651195,0.17197452229299362,463,440,23,0,1558,739,1785,0.082687338501292,0.09819121447028424,24,[],"[0.4458637237548828, 0.13460302352905273, 0.3470592498779297]"
234,ROI-0234,148,0.16740342493030666,0.1701477433717871,0.17642466822794692,449,446,3,0,1497,729,1555,0.035211267605633804,0.05985915492957746,117,[],"[0.18141460418701172, 0.2556436061859131, 0.4205506443977356]"
235,ROI-0235,342,0.16707616707616707,0.1708542713567839,0.22321428571428573,125,0,0,125,1373,1176,100,1.0,1.0,118,"[{""ids"": [10, 19], ""points"": 125}]","[0.1899999976158142, 0.06957459449768066, 0.5300000309944153]"
236,ROI-0236,129,0.16509121061359866,0.1673390485795932,0.17176470588235293,411,384,27,0,1488,897,210,0.05396825396825397,0.09206349206349207,34,[],"[0.414808988571167, 0.3103187084197998, 0.2696934938430786]"
237,ROI-0237,332,0.16463414634146342,0.16832917705735662,0.1678832116788321,69,0,0,69,1128,1014,1160,1.0,1.0,120,"[{""ids"": [33, 210], ""points"": 69}]","[0.24000024795532227, 0.5099999904632568, 0.012792825698852539]"
238,ROI-0238,579,0.16437987624428305,0.16804180418041806,0.17192982456140352,144,73,41,30,939,787,320,0.5625,0.828125,88,"[{""ids"": [7, 13], ""points"": 27}, {""ids"": [2, 7], ""points"": 2}, {""ids"": [2, 13], ""points"": 1}]","[0.3265860080718994, 0.35999998450279236, 0.18321049213409424]"
239,ROI-0239,9,0.16412213740458015,0.1669902912621359,0.16509926854754442,305,295,9,1,1084,642,1255,0.06614785992217899,0.1245136186770428,41,"[{""ids"": [14, 389], ""points"": 1}]","[0.6141033172607422, 0.13473272323608398, 0.06954675912857056]"
240,ROI-0240,260,0.16388522910262043,0.16585185185185186,0.17474447741510057,524,520,2,2,1783,692,1750,0.037333333333333336,0.048,26,"[{""ids"": [2, 18], ""points"": 2}]","[0.28198671340942383, 0.44186389446258545, 0.16549527645111084]"
241,ROI-0241,42,0.1637415148267238,0.16493477282950966,0.1680731364275668,391,88,280,23,2317,1641,1995,1.0,1.0,7,"[{""ids"": [33, 792], ""points"": 23}]","[0.49000000953674316, 0.6400001049041748, 0.02330005168914795]"
242,ROI-0242,93,0.16346153846153846,0.16595925297113753,0.17293233082706766,138,0,0,138,1559,1129,780,1.0,1.0,117,"[{""ids"": [57, 179], ""points"": 138}]","[0.4399998188018799, 0.01221919059753418, 0.4599999785423279]"
243,ROI-0243,170,0.16243862520458266,0.16364385820280297,0.15529753265602322,214,0,0,214,2338,1930,765,1.0,1.0,115,"[{""ids"": [57, 179], ""points"": 214}]","[0.5399999618530273, 0.018375396728515625, 0.5399999618530273]"
244,ROI-0244,667,0.1622222222222222,0.1672394043528064,0.15072463768115943,111,78,21,12,679,565,230,0.44036697247706424,0.5779816513761468,23,"[{""ids"": [1, 13], ""points"": 12}]","[0.3026854991912842, 0.20999997854232788, 0.09245967864990234]"
245,ROI-0245,239,0.16202582728006457,0.16563531353135313,0.18717948717948718,242,203,28,11,1102,820,235,0.14619883040935672,0.1695906432748538,105,"[{""ids"": [2, 7], ""points"": 11}]","[0.3745725750923157, 0.2700001001358032, 0.25999999046325684]"
246,ROI-0246,111,0.16197843413033286,0.16511350059737157,0.1740938799762329,276,259,17,0,1052,636,1255,0.1095890410958904,0.1872146118721461,95,[],"[0.36734533309936523, 0.286763072013855, 0.1832546591758728]"
247,ROI-0247,261,0.16196013289036545,0.16441821247892074,0.17342879872712808,416,398,16,2,1539,710,65,0.041379310344827586,0.06551724137931035,47,"[{""ids"": [14, 18], ""points"": 1}, {""ids"": [18, 22], ""points"": 1}]","[0.18819522857666016, 0.48754844069480896, 0.1595819592475891]"
248,ROI-0248,149,0.16189739623614335,0.1653501843075303,0.18425925925925926,389,380,9,0,1282,699,1590,0.107981220657277,0.14084507042253522,15,[],"[0.5649275779724121, 0.1496427059173584, 0.0627363920211792]"
249,ROI-0249,153,0.16162280701754386,0.16355969818020416,0.19260584376863446,501,420,17,64,2028,1145,1600,0.33221476510067116,0.3624161073825503,75,"[{""ids"": [79, 216], ""points"": 64}]","[0.5499999523162842, 0.3340637683868408, 0.11071336269378662]"
250,ROI-0250,304,0.16150922909880563,0.16391184573002754,0.1634963768115942,346,332,13,1,1375,877,655,0.08650519031141868,0.17993079584775087,57,"[{""ids"": [13, 14], ""points"": 1}]","[0.630000114440918, 0.12347085028886795, 0.19678378105163574]"
251,ROI-0251,89,0.16132723112128147,0.1647196261682243,0.15502183406113537,71,0,0,71,1169,1024,1580,1.0,1.0,161,"[{""ids"": [2, 186], ""points"": 56}, {""ids"": [179, 186], ""points"": 8}, {""ids"": [57, 179], ""points"": 7}]","[0.4799995422363281, 0.14786529541015625, 0.15776962041854858]"
252,ROI-0252,203,0.16101238556812064,0.1633879781420765,0.1686481726111845,360,337,23,0,1337,738,1760,0.06312292358803986,0.10631229235880399,10,[],"[0.2935415506362915, 0.4015370011329651, 0.24297606945037842]"
253,ROI-0253,306,0.16095534787123575,0.16370933671313903,0.16694963214487832,275,257,16,2,1206,837,1575,0.10040160642570281,0.17269076305220885,27,"[{""ids"": [13, 14], ""points"": 2}]","[0.415621280670166, 0.16999998688697815, 0.2099229097366333]"
254,ROI-0254,201,0.16084170671326634,0.16276156793398172,0.17932263814616756,410,356,15,39,1931,1381,560,0.14423076923076922,0.1858974358974359,39,"[{""ids"": [33, 39], ""points"": 39}]","[0.5700000524520874, 0.2716776132583618, 0.043540120124816895]"
255,ROI-0255,407,0.1607565011820331,0.1642512077294686,0.14376321353065538,68,0,0,68,1295,1028,1165,0.9558823529411765,1.0,162,"[{""ids"": [179, 186], ""points"": 35}, {""ids"": [2, 186], ""points"": 33}]","[0.23354864120483398, 0.5300000309944153, 0.09580671787261963]"
256,ROI-0256,543,0.16000141813798485,0.1609256882042505,0.1692047377326565,963,874,41,48,3729,2651,1545,0.05830903790087463,0.13119533527696792,178,"[{""ids"": [174, 187], ""points"": 36}, {""ids"": [187, 559], ""points"": 5}, {""ids"": [172, 187], ""points"": 3}, {""ids"": [172, 174], ""points"": 2}]","[0.4361417293548584, 0.46000003814697266, 0.2804771065711975]"
257,ROI-0257,607,0.15942028985507245,0.17054263565891473,0.2,31,3,0,28,458,427,1320,1.0,1.0,202,"[{""ids"": [13, 221], ""points"": 25}, {""ids"": [13, 300], ""points"": 1}, {""ids"": [13, 511], ""points"": 1}, {""ids"": [221, 300], ""points"": 1}]","[0.23000001907348633, 0.21000003814697266, 0.026082396507263184]"
258,ROI-0258,403,0.15782828282828282,0.16149870801033592,0.14035087719298245,64,0,0,64,1334,1243,1170,1.0,1.0,167,"[{""ids"": [179, 186], ""points"": 64}]","[0.1559000015258789, 0.6200000047683716, 0.08359801769256592]"
259,ROI-0259,121,0.15700977050670303,0.1599537037037037,0.15623409669211197,290,280,3,7,1078,517,910,0.044444444444444446,0.06222222222222222,194,"[{""ids"": [13, 206], ""points"": 6}, {""ids"": [181, 206], ""points"": 1}]","[0.1562347412109375, 0.2665996551513672, 0.23569011688232422]"
260,ROI-0260,313,0.1569373942470389,0.15875053487376978,0.1503138420878758,208,81,7,120,2282,1899,215,0.7751479289940828,0.8106508875739645,151,"[{""ids"": [79, 216], ""points"": 112}, {""ids"": [77, 79], ""points"": 8}]","[0.46334052085876465, 0.23216962814331055, 0.32999998331069946]"
261,ROI-0261,503,0.15664439495174462,0.15984848484848485,0.15714285714285714,118,58,7,53,1103,962,1155,0.6571428571428571,0.8,116,"[{""ids"": [13, 206], ""points"": 50}, {""ids"": [13, 181], ""points"": 2}, {""ids"": [13, 304], ""points"": 1}]","[0.26000022888183594, 0.461124062538147, 0.019062042236328125]"
262,ROI-0262,109,0.15621562156215624,0.16099773242630386,0.17822520507084266,236,233,3,0,809,439,1525,0.041379310344827586,0.05517241379310345,29,[],"[0.23894309997558594, 0.35497939586639404, 0.05549803376197815]"
263,ROI-0263,159,0.15578358208955223,0.15844402277039848,0.1734848484848485,432,406,26,0,1738,1097,1580,0.08906882591093117,0.1214574898785425,14,[],"[0.630000114440918, 0.25, 0.14463084936141968]"
264,ROI-0264,289,0.15541685930035445,0.15738139825218478,0.14917339484813533,360,336,20,4,1684,1124,1305,0.078125,0.115625,133,"[{""ids"": [2, 14], ""points"": 4}]","[0.5299999713897705, 0.24657100439071655, 0.1441112756729126]"
265,ROI-0265,36,0.15528350515463918,0.15897097625329815,0.1835564053537285,96,0,0,96,1333,1190,740,1.0,1.0,150,"[{""ids"": [2, 186], ""points"": 57}, {""ids"": [179, 186], ""points"": 39}]","[0.1251978874206543, 0.10312390327453613, 0.5799999833106995]"
266,ROI-0266,317,0.15494303564865858,0.1564959168522643,0.17181818181818181,237,55,34,148,2283,1802,450,0.57,0.715,118,"[{""ids"": [7, 13], ""points"": 118}, {""ids"": [2, 7], ""points"": 29}, {""ids"": [2, 13], ""points"": 1}]","[0.35943442583084106, 0.461943119764328, 0.15146970748901367]"
267,ROI-0267,400,0.15406162464985995,0.15804597701149425,0.12993039443155452,56,0,0,56,1168,1076,1175,1.0,1.0,152,"[{""ids"": [179, 186], ""points"": 55}, {""ids"": [2, 186], ""points"": 1}]","[0.1638941764831543, 0.5279371738433838, 0.09450232982635498]"
268,ROI-0268,157,0.1538115785688601,0.15842592592592591,0.182010582010582,323,302,21,0,1148,645,1575,0.14685314685314685,0.16783216783216784,23,[],"[0.5299997329711914, 0.14393973350524902, 0.0654330849647522]"
269,ROI-0269,236,0.15341764528756396,0.15531169029111414,0.15318352059925094,192,74,19,99,1880,1453,415,0.6589595375722543,0.7687861271676301,112,"[{""ids"": [7, 13], ""points"": 99}]","[0.25999999046325684, 0.590989351272583, 0.13077712059020996]"
270,ROI-0270,206,0.15334997919267582,0.15597883597883597,0.1814178775869661,402,392,10,0,1289,774,0,0.06072874493927125,0.10121457489878542,32,[],"[0.3335416316986084, 0.4256691038608551, 0.16459643840789795]"
271,ROI-0271,515,0.1533426834969612,0.1553030303030303,0.1744312026002167,383,307,52,24,1790,1243,1945,0.22826086956521738,0.33695652173913043,59,"[{""ids"": [13, 80], ""points"": 10}, {""ids"": [13, 216], ""points"": 5}, {""ids"": [13, 775], ""points"": 4}, {""ids"": [80, 216], ""points"": 2}]","[0.3900001049041748, 0.25, 0.2548450231552124]"
272,ROI-0272,413,0.15328467153284672,0.15849056603773584,0.1329479768786127,46,0,0,46,1094,1027,1200,1.0,1.0,164,"[{""ids"": [179, 186], ""points"": 46}]","[0.14826393127441406, 0.4899999797344208, 0.09359800815582275]"
273,ROI-0273,391,0.1529126213592233,0.15632754342431762,0.15458937198067632,64,0,0,64,1053,808,1305,1.0,1.0,220,"[{""ids"": [2, 186], ""points"": 41}, {""ids"": [179, 186], ""points"": 23}]","[0.16690683364868164, 0.3999999761581421, 0.15999996662139893]"
274,ROI-0274,73,0.15284772182254194,0.1553625837903717,0.1507537688442211,120,0,0,120,1591,1079,1990,1.0,1.0,122,"[{""ids"": [57, 179], ""points"": 120}]","[0.45999979972839355, 0.009597301483154297, 0.4699999690055847]"
275,ROI-0275,479,0.1528092718568909,0.15599279835390947,0.16275764036958068,135,65,46,24,995,823,945,0.5983606557377049,0.9180327868852459,72,"[{""ids"": [13, 182], ""points"": 21}, {""ids"": [13, 172], ""points"": 2}, {""ids"": [182, 548], ""points"": 1}]","[0.496401309967041, 0.3399999737739563, 0.03330361843109131]"
276,ROI-0276,409,0.1526610644257703,0.15660919540229884,0.13317757009345793,57,0,0,57,1150,1023,1200,0.9818181818181818,1.0,142,"[{""ids"": [179, 186], ""points"": 57}]","[0.15725088119506836, 0.5399999618530273, 0.09000003337860107]"
277,ROI-0277,283,0.15224681421864522,0.15505464480874318,0.16307692307692306,310,302,8,0,1273,814,1290,0.022321428571428572,0.03571428571428571,28,[],"[0.559999942779541, 0.201171875, 0.10543161630630493]"
278,ROI-0278,288,0.15187376725838264,0.15461847389558234,0.15566556655665567,268,254,13,1,1159,699,1240,0.0945945945945946,0.13963963963963963,43,"[{""ids"": [2, 14], ""points"": 1}]","[0.5792784690856934, 0.23000001907348633, 0.10404062271118164]"
279,ROI-0279,3,0.15157232704402518,0.15419065898912349,0.17853881278538813,368,351,11,6,1527,1078,1740,0.07327586206896551,0.13793103448275862,49,"[{""ids"": [13, 14], ""points"": 6}]","[0.14999985694885254, 0.5228656530380249, 0.21686041355133057]"
280,ROI-0280,65,0.15145682367149757,0.1523885471253892,0.17267888823181549,424,101,194,129,2882,2258,1950,1.0,1.0,18,"[{""ids"": [2, 66], ""points"": 67}, {""ids"": [19, 57], ""points"": 26}, {""ids"": [2, 19], ""points"": 13}, {""ids"": [19, 66], ""points"": 7}]","[0.5790709257125854, 0.44858431816101074, 0.1110619306564331]"
281,ROI-0281,190,0.15103378719112456,0.15311860940695296,0.1635294117647059,406,395,11,0,1603,797,1580,0.05405405405405406,0.08445945945945946,64,[],"[0.45330810546875, 0.38827288150787354, 0.1161719560623169]"
282,ROI-0282,21,0.15051306717973384,0.15149681271685628,0.15875109938434476,399,82,311,6,2289,1489,1990,1.0,1.0,4,"[{""ids"": [33, 792], ""points"": 6}]","[0.5899999141693115, 0.6100001335144043, 0.022075653076171875]"
283,ROI-0283,234,0.15025252525252525,0.15309941520467835,0.15461493239271018,185,134,24,27,1273,982,195,0.25165562913907286,0.33774834437086093,101,"[{""ids"": [4, 7], ""points"": 21}, {""ids"": [2, 7], ""points"": 5}, {""ids"": [2, 4], ""points"": 1}]","[0.3384380638599396, 0.28690505027770996, 0.2361382246017456]"
284,ROI-0284,291,0.14979423868312758,0.1531986531986532,0.1570048309178744,122,66,39,17,905,715,820,0.7631578947368421,0.9736842105263158,55,"[{""ids"": [13, 206], ""points"": 12}, {""ids"": [206, 407], ""points"": 2}, {""ids"": [13, 409], ""points"": 1}, {""ids"": [13, 398], ""points"": 1}]","[0.5, 0.3500000238418579, 0.015983223915100098]"
285,ROI-0285,31,0.1491588419405321,0.15156032597893065,0.16517412935323383,152,62,0,90,1570,1127,1485,0.7014925373134329,0.7089552238805971,173,"[{""ids"": [2, 186], ""points"": 43}, {""ids"": [179, 186], ""points"": 33}, {""ids"": [224, 232], ""points"": 8}, {""ids"": [186, 232], ""points"": 2}]","[0.2084217071533203, 0.10087728500366211, 0.5099999904632568]"
286,ROI-0286,371,0.14903846153846156,0.15233415233415235,0.15196078431372548,63,0,3,60,1255,1167,1165,1.0,1.0,108,"[{""ids"": [33, 210], ""points"": 60}]","[0.21542072296142578, 0.5699999332427979, 0.009514093399047852]"
287,ROI-0287,331,0.14895330112721417,0.1522633744855967,0.16966966966966968,76,1,0,75,1170,1052,1250,0.9852941176470589,1.0,125,"[{""ids"": [33, 210], ""points"": 75}]","[0.26999998092651367, 0.5, 0.015207290649414062]"
288,ROI-0288,202,0.14880078316201664,0.15079365079365079,0.15442812639074321,295,262,14,19,1463,1035,0,0.14122137404580154,0.20229007633587787,51,"[{""ids"": [1, 15], ""points"": 19}]","[0.2999999523162842, 0.25, 0.27123939990997314]"
289,ROI-0289,160,0.1483877592934894,0.15089807852965748,0.17315490673154907,418,409,9,0,1586,968,1590,0.0321285140562249,0.05220883534136546,41,[],"[0.5099999904632568, 0.2703280448913574, 0.12121206521987915]"
290,ROI-0290,373,0.1477832512315271,0.15113350125944586,0.1471264367816092,64,0,0,64,1179,1087,1215,1.0,1.0,101,"[{""ids"": [33, 210], ""points"": 64}]","[0.21000003814697266, 0.5700000524520874, 0.013262152671813965]"
291,ROI-0291,269,0.14604879342349508,0.14763436536657285,0.15741642323920804,420,379,17,24,2024,1561,25,0.11356466876971609,0.17350157728706625,129,"[{""ids"": [9, 18], ""points"": 23}, {""ids"": [18, 101], ""points"": 1}]","[0.32354819774627686, 0.370991587638855, 0.21524852514266968]"
292,ROI-0292,240,0.14457070707070707,0.14644284572342126,0.1471511888739345,201,87,101,13,1715,1300,320,0.28865979381443296,0.5618556701030928,100,"[{""ids"": [7, 13], ""points"": 13}]","[0.27572640776634216, 0.3908165693283081, 0.16077709197998047]"
293,ROI-0293,251,0.14369114877589453,0.1482128982128982,0.14400805639476336,103,77,12,14,869,547,1750,0.3229166666666667,0.3645833333333333,22,"[{""ids"": [13, 322], ""points"": 14}]","[0.19000005722045898, 0.3480844497680664, 0.16256844997406006]"
294,ROI-0294,151,0.1434173669467787,0.14562002275312855,0.15053763440860216,318,314,4,0,1339,848,790,0.07003891050583658,0.07782101167315175,27,[],"[0.18628573417663574, 0.2245185375213623, 0.32188570499420166]"
295,ROI-0295,205,0.14337121212121212,0.1448526597780329,0.14341463414634145,420,404,11,5,1908,1265,310,0.08401084010840108,0.14363143631436315,50,"[{""ids"": [1, 15], ""points"": 5}]","[0.3399999141693115, 0.2900000214576721, 0.25499093532562256]"
296,ROI-0296,356,0.14299950174389636,0.14901349948078918,0.15879828326180256,60,18,33,9,540,441,1255,0.5192307692307693,0.9615384615384616,10,"[{""ids"": [13, 216], ""points"": 8}, {""ids"": [13, 300], ""points"": 1}]","[0.28999996185302734, 0.3900001049041748, 0.012096405029296875]"
297,ROI-0297,113,0.14206795914112988,0.14450805767599662,0.14396284829721362,260,241,19,0,1235,768,1520,0.107981220657277,0.1784037558685446,99,[],"[0.39916467666625977, 0.0971672534942627, 0.3837142586708069]"
298,ROI-0298,188,0.14187477379659788,0.14398530762167125,0.14456391875746716,343,327,12,4,1648,1086,1635,0.05078125,0.05859375,77,"[{""ids"": [13, 172], ""points"": 4}]","[0.3299999237060547, 0.3656393885612488, 0.18784260749816895]"
299,ROI-0299,721,0.14105594956658787,0.15067340067340068,0.16447368421052633,33,6,12,15,408,333,945,1.0,1.0,23,"[{""ids"": [13, 216], ""points"": 15}]","[0.13000011444091797, 0.2720656394958496, 0.06511569023132324]"
300,ROI-0300,104,0.14007782101167315,0.14257425742574256,0.14022140221402213,76,0,0,76,1199,1036,1395,1.0,1.0,161,"[{""ids"": [2, 186], ""points"": 34}, {""ids"": [179, 186], ""points"": 28}, {""ids"": [57, 179], ""points"": 14}]","[0.4500002861022949, 0.15117955207824707, 0.16058015823364258]"
301,ROI-0301,62,0.14,0.1439873417721519,0.17585301837270342,67,0,0,67,1103,998,95,1.0,1.0,93,"[{""ids"": [2, 19], ""points"": 33}, {""ids"": [19, 186], ""points"": 18}, {""ids"": [19, 57], ""points"": 8}, {""ids"": [57, 186], ""points"": 8}]","[0.10141780972480774, 0.11711788177490234, 0.5099999904632568]"
302,ROI-0302,250,0.13983717272643165,0.14089299030574196,0.15384615384615385,656,597,36,23,2837,1828,1850,0.22844827586206898,0.26939655172413796,59,"[{""ids"": [13, 322], ""points"": 11}, {""ids"": [80, 322], ""points"": 8}, {""ids"": [13, 80], ""points"": 3}, {""ids"": [13, 216], ""points"": 1}]","[0.36999988555908203, 0.3299999237060547, 0.2909156084060669]"
303,ROI-0303,219,0.13979141596470115,0.1420998980632008,0.13960546282245828,266,256,10,0,1230,725,1290,0.04424778761061947,0.06637168141592921,147,[],"[0.31369638442993164, 0.1445549875497818, 0.3778187930583954]"
304,ROI-0304,49,0.13937282229965156,0.1415929203539823,0.13744740532959326,98,0,0,98,1608,1138,1055,1.0,1.0,133,"[{""ids"": [179, 186], ""points"": 45}, {""ids"": [57, 179], ""points"": 43}, {""ids"": [2, 186], ""points"": 10}]","[0.5999999046325684, 0.14379334449768066, 0.20834052562713623]"
305,ROI-0305,687,0.13932291666666666,0.14985994397759103,0.13580246913580246,22,0,0,22,575,521,490,1.0,1.0,123,"[{""ids"": [10, 19], ""points"": 22}]","[0.20438535511493683, 0.015159845352172852, 0.2933790683746338]"
306,ROI-0306,45,0.13878150057273772,0.13959098437387488,0.14415481832543445,405,81,323,1,2721,1840,1995,1.0,1.0,4,"[{""ids"": [33, 792], ""points"": 1}]","[0.5399999618530273, 0.5899999141693115, 0.02080380916595459]"
307,ROI-0307,382,0.13815789473684212,0.1423728813559322,0.13580246913580246,44,0,0,44,832,745,1250,1.0,1.0,219,"[{""ids"": [2, 186], ""points"": 33}, {""ids"": [179, 186], ""points"": 11}]","[0.16472959518432617, 0.2533447742462158, 0.12048384547233582]"
308,ROI-0308,268,0.13807189542483658,0.1396117306897976,0.14335476956055734,491,455,28,8,2557,2053,1545,0.15548780487804878,0.18597560975609756,124,"[{""ids"": [14, 28], ""points"": 8}]","[0.3541426658630371, 0.41999995708465576, 0.3951061964035034]"
309,ROI-0309,539,0.13793103448275862,0.14035087719298245,0.14940828402366865,186,97,61,28,1450,1259,1510,0.9084507042253521,0.9507042253521126,88,"[{""ids"": [2, 13], ""points"": 16}, {""ids"": [13, 182], ""points"": 11}, {""ids"": [2, 182], ""points"": 1}]","[0.42665767669677734, 0.3199999928474426, 0.11224544048309326]"
310,ROI-0310,32,0.13764044943820225,0.1404816513761468,0.14385964912280702,82,0,0,82,1456,1335,740,1.0,1.0,135,"[{""ids"": [179, 186], ""points"": 42}, {""ids"": [2, 186], ""points"": 40}]","[0.11416006088256836, 0.10520291328430176, 0.6599999070167542]"
311,ROI-0311,37,0.13752925788241774,0.13830044998269297,0.15407962863774327,519,196,302,21,2954,2009,1970,1.0,1.0,8,"[{""ids"": [33, 792], ""points"": 21}]","[0.6100000143051147, 0.5199999809265137, 0.016974806785583496]"
312,ROI-0312,230,0.1373475818605288,0.13888888888888887,0.13926232333678043,156,20,24,112,2386,2009,0,0.7972027972027972,0.972027972027972,119,"[{""ids"": [7, 13], ""points"": 112}]","[0.4044375419616699, 0.4815765619277954, 0.1006690263748169]"
313,ROI-0313,494,0.1371842267406038,0.1395050125313283,0.14717125382262997,374,364,9,1,1443,542,1450,0.09691629955947137,0.13215859030837004,228,"[{""ids"": [13, 181], ""points"": 1}]","[0.20753788948059082, 0.19527792930603027, 0.2205127775669098]"
314,ROI-0314,97,0.13690476190476192,0.14067278287461774,0.16927083333333334,65,0,0,65,1090,987,95,1.0,1.0,92,"[{""ids"": [2, 19], ""points"": 31}, {""ids"": [19, 57], ""points"": 25}, {""ids"": [19, 186], ""points"": 5}, {""ids"": [19, 66], ""points"": 2}]","[0.10241355001926422, 0.11416268348693848, 0.5]"
315,ROI-0315,346,0.13565022421524664,0.13844393592677345,0.1227106227106227,67,0,0,67,1452,1362,615,1.0,1.0,121,"[{""ids"": [2, 19], ""points"": 67}]","[0.19651097059249878, 0.06448709964752197, 0.5799999833106995]"
316,ROI-0316,209,0.13548528765920073,0.1404826958105647,0.15768930523028885,200,199,0,1,708,366,1450,0.018867924528301886,0.02830188679245283,9,"[{""ids"": [216, 218], ""points"": 1}]","[0.38234806060791016, 0.19000005722045898, 0.06568664312362671]"
317,ROI-0317,257,0.13534278959810875,0.13665115168874567,0.13462054170018772,467,438,23,6,2439,1250,475,0.15405405405405406,0.22702702702702704,133,"[{""ids"": [2, 18], ""points"": 4}, {""ids"": [8, 18], ""points"": 1}, {""ids"": [18, 151], ""points"": 1}]","[0.4162931442260742, 0.32999998331069946, 0.19903814792633057]"
318,ROI-0318,105,0.13471502590673576,0.13793103448275862,0.18660287081339713,78,0,0,78,1082,953,95,1.0,1.0,95,"[{""ids"": [19, 186], ""points"": 32}, {""ids"": [19, 57], ""points"": 27}, {""ids"": [2, 19], ""points"": 18}, {""ids"": [57, 186], ""points"": 1}]","[0.12000000476837158, 0.12313413619995117, 0.49000000953674316]"
319,ROI-0319,10,0.13391136801541426,0.14126016260162602,0.13872832369942195,35,13,7,15,453,370,620,0.6470588235294118,0.7352941176470589,24,"[{""ids"": [13, 14], ""points"": 10}, {""ids"": [13, 18], ""points"": 2}, {""ids"": [13, 597], ""points"": 1}, {""ids"": [13, 599], ""points"": 1}]","[0.14999985694885254, 0.3400000333786011, 0.11023306846618652]"
320,ROI-0320,67,0.1325706594885599,0.13337846987136087,0.14879227053140096,452,165,256,31,2879,2093,1955,1.0,1.0,11,"[{""ids"": [2, 19], ""points"": 14}, {""ids"": [19, 57], ""points"": 6}, {""ids"": [2, 788], ""points"": 4}, {""ids"": [19, 186], ""points"": 2}]","[0.5418932437896729, 0.4736642837524414, 0.11227333545684814]"
321,ROI-0321,411,0.13079470198675497,0.1348122866894198,0.11714285714285715,41,0,0,41,1088,1011,1200,1.0,1.0,158,"[{""ids"": [179, 186], ""points"": 41}]","[0.15034818649291992, 0.47999998927116394, 0.08535182476043701]"
322,ROI-0322,1293,0.1303030303030303,0.15579710144927536,0.1527777777777778,9,1,3,5,151,142,245,1.0,1.0,7,"[{""ids"": [1, 15], ""points"": 5}]","[0.11000001430511475, 0.17000001668930054, 0.01888251304626465]"
323,ROI-0323,406,0.13027108433734938,0.13206106870229006,0.1268357810413885,95,0,0,95,1580,1455,1175,1.0,1.0,150,"[{""ids"": [179, 186], ""points"": 57}, {""ids"": [2, 186], ""points"": 21}, {""ids"": [33, 186], ""points"": 17}]","[0.26595449447631836, 0.5400000810623169, 0.10357952117919922]"
324,ROI-0324,245,0.13012477718360071,0.13333333333333333,0.1484480431848853,194,174,14,6,1173,867,940,0.17647058823529413,0.2426470588235294,59,"[{""ids"": [13, 216], ""points"": 6}]","[0.19000005722045898, 0.35000014305114746, 0.21408748626708984]"
325,ROI-0325,165,0.1299581177629958,0.13260432378079434,0.14056224899598393,144,87,13,44,1320,980,1885,0.4583333333333333,0.49166666666666664,197,"[{""ids"": [216, 220], ""points"": 33}, {""ids"": [216, 219], ""points"": 11}]","[0.3400001525878906, 0.19000005722045898, 0.26783835887908936]"
326,ROI-0326,277,0.1297709923664122,0.1328125,0.12886597938144329,204,189,9,6,1247,815,1500,0.12162162162162163,0.16216216216216217,104,"[{""ids"": [14, 162], ""points"": 6}]","[0.2379155158996582, 0.30053699016571045, 0.239516019821167]"
327,ROI-0327,116,0.1292063492063492,0.13261648745519714,0.13974096796182686,196,187,9,0,1049,742,1520,0.1044776119402985,0.15671641791044777,41,[],"[0.33163881301879883, 0.14581573009490967, 0.33361533284187317]"
328,ROI-0328,336,0.12584407612031923,0.12796504369538078,0.1251908396946565,152,91,28,33,1187,1035,95,0.344,0.392,22,"[{""ids"": [33, 52], ""points"": 33}]","[0.3500000238418579, 0.3399999737739563, 0.04732990264892578]"
329,ROI-0329,480,0.12566137566137567,0.13031550068587106,0.13138686131386862,72,37,34,1,658,513,945,0.8695652173913043,0.9855072463768116,26,"[{""ids"": [13, 172], ""points"": 1}]","[0.17933082580566406, 0.48000001907348633, 0.015239715576171875]"
330,ROI-0330,175,0.12555187637969095,0.12681159420289856,0.12475247524752475,128,1,4,123,1989,1763,1175,1.0,1.0,112,"[{""ids"": [57, 179], ""points"": 123}]","[0.4099998474121094, 0.017484188079833984, 0.6399999856948853]"
331,ROI-0331,26,0.1255364806866953,0.12800875273522977,0.15922330097087378,82,0,0,82,1216,1097,95,1.0,1.0,74,"[{""ids"": [19, 57], ""points"": 46}, {""ids"": [19, 66], ""points"": 28}, {""ids"": [2, 19], ""points"": 7}, {""ids"": [2, 66], ""points"": 1}]","[0.1132039874792099, 0.12602663040161133, 0.5399999618530273]"
332,ROI-0332,57,0.12500000000000003,0.1283987915407855,0.20293398533007334,83,0,0,83,1251,1100,850,1.0,1.0,58,"[{""ids"": [2, 186], ""points"": 46}, {""ids"": [179, 186], ""points"": 36}, {""ids"": [57, 186], ""points"": 1}]","[0.5699999332427979, 0.13460230827331543, 0.10365855693817139]"
333,ROI-0333,102,0.12478298611111112,0.12588943623426382,0.13741953540442206,283,89,180,14,2179,1664,1995,1.0,1.0,5,"[{""ids"": [33, 792], ""points"": 14}]","[0.3832200765609741, 0.49633240699768066, 0.012287735939025879]"
334,ROI-0334,244,0.12437614919884425,0.12571352714721892,0.12663139329805997,231,113,108,10,1898,1295,340,0.2972972972972973,0.5405405405405406,114,"[{""ids"": [7, 13], ""points"": 10}]","[0.3057810068130493, 0.38999998569488525, 0.14180982112884521]"
335,ROI-0335,16,0.12410309996516893,0.12480734202045676,0.1364200816036899,445,121,324,0,2988,1925,1980,1.0,1.0,5,[],"[0.6000000238418579, 0.5800000429153442, 0.024753689765930176]"
336,ROI-0336,328,0.12398373983739838,0.12748171368861025,0.119960668633235,50,8,12,30,798,741,1760,1.0,1.0,47,"[{""ids"": [2, 13], ""points"": 7}, {""ids"": [13, 182], ""points"": 6}, {""ids"": [13, 398], ""points"": 4}, {""ids"": [13, 388], ""points"": 3}]","[0.3653297424316406, 0.23092526197433472, 0.1264362335205078]"
337,ROI-0337,131,0.12360446570972886,0.1263243683781581,0.1271249076127125,95,50,13,32,1051,941,195,0.6091954022988506,0.8045977011494253,55,"[{""ids"": [13, 15], ""points"": 25}, {""ids"": [1, 15], ""points"": 4}, {""ids"": [1, 13], ""points"": 3}]","[0.23468315601348877, 0.44999998807907104, 0.046842098236083984]"
338,ROI-0338,329,0.1231527093596059,0.12886597938144329,0.12886597938144329,28,0,9,19,487,445,1755,1.0,1.0,13,"[{""ids"": [13, 398], ""points"": 6}, {""ids"": [13, 401], ""points"": 5}, {""ids"": [13, 388], ""points"": 2}, {""ids"": [13, 182], ""points"": 2}]","[0.48999977111816406, 0.10999999940395355, 0.006110548973083496]"
339,ROI-0339,334,0.12275449101796407,0.12615384615384614,0.12538226299694188,41,0,0,41,938,868,1210,1.0,1.0,130,"[{""ids"": [33, 210], ""points"": 41}]","[0.4099998474121094, 0.2748504877090454, 0.010103702545166016]"
340,ROI-0340,430,0.12263374485596706,0.12471228290437329,0.13028169014084506,83,5,17,61,1406,1216,1195,1.0,1.0,62,"[{""ids"": [2, 13], ""points"": 33}, {""ids"": [2, 218], ""points"": 20}, {""ids"": [13, 218], ""points"": 4}, {""ids"": [2, 761], ""points"": 1}]","[0.5712919235229492, 0.11198854446411133, 0.16831624507904053]"
341,ROI-0341,469,0.12195121951219512,0.13157894736842105,0.13157894736842105,15,0,0,15,327,312,1745,1.0,1.0,7,"[{""ids"": [2, 14], ""points"": 15}]","[0.3600001335144043, 0.0057561397552490234, 0.11000001430511475]"
342,ROI-0342,297,0.12071832979476292,0.12428051001821494,0.11581291759465479,86,27,48,11,1044,954,0,1.0,1.0,7,"[{""ids"": [1, 13], ""points"": 11}]","[0.5399999618530273, 0.3100000023841858, 0.005199909210205078]"
343,ROI-0343,491,0.12057037978257798,0.12196515281348184,0.12253193960511034,398,374,24,0,2367,1145,1200,0.09574468085106383,0.1347517730496454,206,[],"[0.28282928466796875, 0.1725795865058899, 0.3308827579021454]"
344,ROI-0344,618,0.12048192771084337,0.125,0.10954063604240283,31,0,0,31,844,813,35,1.0,1.0,86,"[{""ids"": [2, 33], ""points"": 31}]","[0.09854996204376221, 0.3925783038139343, 0.10583102703094482]"
345,ROI-0345,195,0.12042042042042041,0.12657828282828282,0.12395309882747069,26,0,4,22,541,453,935,0.8,0.8,33,"[{""ids"": [13, 172], ""points"": 22}]","[0.28999996185302734, 0.28314805030822754, 0.06933724880218506]"
346,ROI-0346,200,0.12038946162657502,0.1226657329598506,0.13628899835796388,169,123,12,34,1346,1065,700,0.3230769230769231,0.35384615384615387,36,"[{""ids"": [33, 39], ""points"": 27}, {""ids"": [2, 33], ""points"": 5}, {""ids"": [2, 39], ""points"": 2}]","[0.4100000858306885, 0.2729107737541199, 0.12999999523162842]"
347,ROI-0347,237,0.11921921921921921,0.1221914435210834,0.13077469793887705,128,95,10,23,954,790,220,0.3942307692307692,0.4326923076923077,89,"[{""ids"": [7, 13], ""points"": 12}, {""ids"": [2, 13], ""points"": 8}, {""ids"": [2, 7], ""points"": 3}]","[0.29579097032546997, 0.3011748790740967, 0.17493867874145508]"
348,ROI-0348,360,0.1191252377071448,0.12000547345374932,0.13772310660877954,193,3,2,188,3215,3017,410,1.0,1.0,79,"[{""ids"": [33, 34], ""points"": 188}]","[0.7599999904632568, 0.47999995946884155, 0.007489204406738281]"
349,ROI-0349,966,0.11904761904761904,0.17543859649122806,0.16666666666666666,16,16,0,0,106,3,1505,0.1,0.1,1,[],"[0.09455060958862305, 0.03466683626174927, 0.1617160439491272]"
350,ROI-0350,142,0.11878374538221083,0.12158231529959276,0.13846153846153847,230,218,11,1,1331,828,1870,0.022388059701492536,0.05970149253731343,24,"[{""ids"": [5, 13], ""points"": 1}]","[0.3730055093765259, 0.1782301664352417, 0.29385221004486084]"
351,ROI-0351,354,0.11861861861861861,0.12363067292644757,0.1330977620730271,43,6,4,33,646,586,1870,1.0,1.0,137,"[{""ids"": [13, 300], ""points"": 29}, {""ids"": [13, 216], ""points"": 2}, {""ids"": [13, 490], ""points"": 1}, {""ids"": [13, 753], ""points"": 1}]","[0.3269977569580078, 0.2861647605895996, 0.008149504661560059]"
352,ROI-0352,504,0.11853832442067737,0.12453183520599251,0.12588652482269502,24,0,1,23,622,582,625,0.9130434782608695,0.9130434782608695,26,"[{""ids"": [2, 14], ""points"": 21}, {""ids"": [2, 18], ""points"": 2}]","[0.20602679252624512, 0.011238574981689453, 0.4899999499320984]"
353,ROI-0353,820,0.11838006230529596,0.1292517006802721,0.13008130081300814,21,4,7,10,333,306,1775,1.0,1.0,4,"[{""ids"": [13, 172], ""points"": 9}, {""ids"": [13, 693], ""points"": 1}]","[0.32000017166137695, 0.10999995470046997, 0.008085846900939941]"
354,ROI-0354,173,0.1181640625,0.11956521739130435,0.11396011396011396,120,0,0,120,1931,1674,770,1.0,1.0,117,"[{""ids"": [57, 179], ""points"": 120}]","[0.6100001335144043, 0.003329753875732422, 0.4300000071525574]"
355,ROI-0355,290,0.11787072243346007,0.1220472440944882,0.1220472440944882,53,17,32,4,606,487,935,0.8113207547169812,0.9622641509433962,33,"[{""ids"": [13, 206], ""points"": 4}]","[0.32000017166137695, 0.3299999237060547, 0.008733868598937988]"
356,ROI-0356,495,0.11734164070612668,0.11986210554229647,0.12894596040663456,218,205,3,10,1444,1074,1540,0.2937062937062937,0.2937062937062937,156,"[{""ids"": [172, 181], ""points"": 10}]","[0.3400001525878906, 0.31999993324279785, 0.14244067668914795]"
357,ROI-0357,433,0.11706485948388085,0.11779550007705349,0.12797619047619047,636,497,97,42,4355,3695,1750,0.20465116279069767,0.2744186046511628,127,"[{""ids"": [8, 14], ""points"": 27}, {""ids"": [14, 28], ""points"": 8}, {""ids"": [8, 28], ""points"": 7}]","[0.6732017993927002, 0.41196462512016296, 0.37051284313201904]"
358,ROI-0358,381,0.11594202898550723,0.12280701754385964,0.11458333333333333,26,1,10,15,484,444,1780,1.0,1.0,5,"[{""ids"": [13, 172], ""points"": 15}]","[0.4199995994567871, 0.12999999523162842, 0.009954571723937988]"
359,ROI-0359,138,0.11573157315731572,0.11783154121863798,0.1276923076923077,223,204,12,7,1342,963,1760,0.13836477987421383,0.16981132075471697,44,"[{""ids"": [5, 13], ""points"": 7}]","[0.26999998092651367, 0.25999999046325684, 0.26232945919036865]"
360,ROI-0360,276,0.1156595191682911,0.12208504801097393,0.130568356374808,38,7,15,16,600,463,1510,0.7931034482758621,0.9310344827586207,71,"[{""ids"": [13, 14], ""points"": 11}, {""ids"": [14, 181], ""points"": 3}, {""ids"": [13, 181], ""points"": 2}]","[0.309999942779541, 0.26999998092651367, 0.10299599170684814]"
361,ROI-0361,249,0.11508515815085157,0.11661735700197239,0.11423001949317739,204,142,35,27,1976,1560,1645,0.2994350282485876,0.3559322033898305,66,"[{""ids"": [80, 322], ""points"": 27}]","[0.1621406078338623, 0.34417223930358887, 0.4351620674133301]"
362,ROI-0362,44,0.11507936507936506,0.11588914950916514,0.1334177749630568,387,148,233,6,2745,1977,1995,1.0,1.0,8,"[{""ids"": [33, 792], ""points"": 6}]","[0.5220307111740112, 0.5074596405029297, 0.019413352012634277]"
363,ROI-0363,17,0.11443259710586444,0.11522239263803681,0.13067342199704454,369,144,200,25,2812,2043,1980,1.0,1.0,8,"[{""ids"": [33, 792], ""points"": 25}]","[0.559999942779541, 0.5299999713897705, 0.017873406410217285]"
364,ROI-0364,316,0.11412575366063737,0.11684303350970017,0.11866969009826153,123,100,12,11,988,809,0,0.40384615384615385,0.4519230769230769,85,"[{""ids"": [2, 7], ""points"": 11}]","[0.34587812423706055, 0.25, 0.3799999952316284]"
365,ROI-0365,496,0.11373626373626373,0.1148723640399556,0.12028985507246377,406,397,9,0,2284,1066,1570,0.06430868167202572,0.0932475884244373,191,[],"[0.20209527015686035, 0.18595969676971436, 0.4413414001464844]"
366,ROI-0366,18,0.1135627353121443,0.11437389770723105,0.1267161827593968,355,150,202,3,2572,1940,1970,1.0,1.0,11,"[{""ids"": [2, 788], ""points"": 3}]","[0.5300000905990601, 0.5368492603302002, 0.017335057258605957]"
367,ROI-0367,68,0.11337868480725624,0.11574074074074074,0.10851063829787234,51,0,0,51,1105,1023,1200,1.0,1.0,166,"[{""ids"": [2, 186], ""points"": 30}, {""ids"": [179, 186], ""points"": 13}, {""ids"": [57, 179], ""points"": 8}]","[0.440000057220459, 0.11080145835876465, 0.14628440141677856]"
368,ROI-0368,275,0.11294627961294625,0.11608367626886143,0.12508884150675195,168,162,4,2,1092,822,1285,0.18584070796460178,0.22123893805309736,185,"[{""ids"": [14, 162], ""points"": 2}]","[0.309999942779541, 0.29364779591560364, 0.11282926797866821]"
369,ROI-0369,653,0.11279972982100643,0.11357646858794526,0.13384223918575064,729,692,14,23,3977,3245,1545,0.166270783847981,0.22565320665083136,202,"[{""ids"": [216, 225], ""points"": 19}, {""ids"": [2, 225], ""points"": 1}, {""ids"": [216, 567], ""points"": 1}, {""ids"": [216, 573], ""points"": 1}]","[0.603060245513916, 0.5227682590484619, 0.3657429814338684]"
370,ROI-0370,674,0.11215495244722802,0.11430260047281324,0.11090107120352867,59,0,1,58,1367,1294,760,1.0,1.0,99,"[{""ids"": [2, 33], ""points"": 58}]","[0.6800003051757812, 0.21000003814697266, 0.012987136840820312]"
371,ROI-0371,1016,0.11160714285714286,0.12135922330097088,0.10852713178294573,14,0,0,14,527,513,1055,1.0,1.0,67,"[{""ids"": [57, 179], ""points"": 14}]","[0.18735170364379883, 0.023198843002319336, 0.2600000500679016]"
372,ROI-0372,315,0.11119317249302477,0.11269128409846972,0.12240107310529846,317,281,24,12,1884,1518,1645,0.1339712918660287,0.215311004784689,85,"[{""ids"": [77, 80], ""points"": 5}, {""ids"": [80, 216], ""points"": 4}, {""ids"": [77, 216], ""points"": 2}, {""ids"": [216, 247], ""points"": 1}]","[0.3654177188873291, 0.3299999237060547, 0.2501879930496216]"
373,ROI-0373,1199,0.11111111111111112,0.2111111111111111,0.25,6,4,1,1,93,38,5,0.75,0.75,4,"[{""ids"": [8, 14], ""points"": 1}]","[0.051453590393066406, 0.06444975733757019, 0.06999999284744263]"
374,ROI-0374,168,0.1103004755728491,0.11226622662266225,0.13606837606837607,382,366,16,0,1896,1342,1565,0.11864406779661017,0.13559322033898305,23,[],"[0.6111845970153809, 0.23000001907348633, 0.12127983570098877]"
375,ROI-0375,854,0.11025641025641027,0.1184573002754821,0.1184573002754821,21,4,12,5,374,344,1515,0.9523809523809523,0.9523809523809523,9,"[{""ids"": [13, 206], ""points"": 4}, {""ids"": [206, 548], ""points"": 1}]","[0.25282955169677734, 0.11000001430511475, 0.11435508728027344]"
376,ROI-0376,28,0.10984175340610983,0.11059986366734832,0.12258064516129032,308,103,205,0,2283,1807,1960,1.0,1.0,12,[],"[0.5499999523162842, 0.48000001907348633, 0.014416098594665527]"
377,ROI-0377,340,0.10981697171381032,0.11148648648648649,0.11773472429210134,79,0,0,79,1727,1569,120,1.0,1.0,129,"[{""ids"": [2, 19], ""points"": 60}, {""ids"": [10, 19], ""points"": 19}]","[0.6599999666213989, 0.06952285766601562, 0.28000009059906006]"
378,ROI-0378,199,0.10973473473473472,0.11200510855683268,0.11786372007366483,227,206,13,8,1527,1091,950,0.15328467153284672,0.2116788321167883,52,"[{""ids"": [13, 172], ""points"": 8}]","[0.21309947967529297, 0.3500000238418579, 0.18342840671539307]"
379,ROI-0379,564,0.109375,0.112,0.11081794195250659,42,0,0,42,1255,1211,605,1.0,1.0,216,"[{""ids"": [2, 179], ""points"": 42}]","[0.14118576049804688, 0.05921781063079834, 0.6399999856948853]"
380,ROI-0380,549,0.10932260228034876,0.11133879781420765,0.11077389984825493,73,0,0,73,1871,1787,700,1.0,1.0,75,"[{""ids"": [33, 195], ""points"": 73}]","[0.42742013931274414, 0.6496734619140625, 0.008687973022460938]"
381,ROI-0381,1077,0.10784313725490197,0.11827956989247312,0.1134020618556701,19,8,8,3,303,281,1505,1.0,1.0,9,"[{""ids"": [13, 14], ""points"": 2}, {""ids"": [13, 545], ""points"": 1}]","[0.19999980926513672, 0.20000001788139343, 0.015330791473388672]"
382,ROI-0382,484,0.10730948678071539,0.10883280757097792,0.12375478927203065,203,134,18,51,1865,1656,930,0.3013698630136986,0.3904109589041096,90,"[{""ids"": [80, 216], ""points"": 23}, {""ids"": [13, 80], ""points"": 15}, {""ids"": [13, 216], ""points"": 13}]","[0.3345344066619873, 0.26999998092651367, 0.36786508560180664]"
383,ROI-0383,681,0.10714285714285714,0.15789473684210525,0.15789473684210525,3,0,0,3,102,93,815,1.0,1.0,3,"[{""ids"": [2, 13], ""points"": 2}, {""ids"": [2, 216], ""points"": 1}]","[0.1099998950958252, 0.003539562225341797, 0.12999999523162842]"
384,ROI-0384,348,0.10671027131782947,0.10812469317623957,0.10606060606060606,95,16,1,78,1684,1520,615,0.8426966292134831,0.8426966292134831,115,"[{""ids"": [2, 19], ""points"": 55}, {""ids"": [10, 19], ""points"": 23}]","[0.2542531490325928, 0.07043099403381348, 0.5899999737739563]"
385,ROI-0385,570,0.10646387832699619,0.11023622047244094,0.10211267605633803,48,9,39,0,652,574,1925,0.5106382978723404,0.8297872340425532,20,[],"[0.2519834041595459, 0.25999999046325684, 0.09612703323364258]"
386,ROI-0386,659,0.10491803278688525,0.10810810810810811,0.1069182389937107,35,1,1,33,899,857,1225,0.7575757575757576,1.0,123,"[{""ids"": [2, 13], ""points"": 31}, {""ids"": [13, 206], ""points"": 2}]","[0.10151863098144531, 0.43000006675720215, 0.12083399295806885]"
387,ROI-0387,174,0.10476618705035971,0.10648994515539305,0.10725075528700906,71,0,0,71,1400,1237,1180,1.0,1.0,127,"[{""ids"": [57, 179], ""points"": 71}]","[0.33678388595581055, 0.018225431442260742, 0.4399999976158142]"
388,ROI-0388,374,0.10472972972972973,0.11151079136690648,0.12268518518518519,18,0,1,17,450,426,1735,0.7058823529411765,1.0,11,"[{""ids"": [2, 14], ""points"": 17}]","[0.25, 0.014568686485290527, 0.30000007152557373]"
389,ROI-0389,468,0.10451977401129943,0.1072463768115942,0.10364145658263306,37,0,0,37,1176,1138,60,1.0,1.0,74,"[{""ids"": [2, 33], ""points"": 37}]","[0.10682690143585205, 0.5804743766784668, 0.10266482830047607]"
390,ROI-0390,840,0.10416666666666666,0.23809523809523808,0.23809523809523808,4,3,1,0,35,5,930,1.0,1.0,1,[],"[0.059999942779541016, 0.09000003337860107, 0.005187630653381348]"
391,ROI-0391,691,0.1036036036036036,0.11794871794871795,0.11274509803921569,8,0,1,7,231,217,1060,1.0,1.0,11,"[{""ids"": [2, 14], ""points"": 6}, {""ids"": [2, 379], ""points"": 1}]","[0.26999998092651367, 0.003687620162963867, 0.10000002384185791]"
392,ROI-0392,415,0.10342979635584136,0.1065121412803532,0.10587002096436059,34,0,1,33,909,824,1265,1.0,1.0,87,"[{""ids"": [2, 186], ""points"": 16}, {""ids"": [179, 186], ""points"": 16}, {""ids"": [2, 206], ""points"": 1}]","[0.15074443817138672, 0.3799999952316284, 0.11593550443649292]"
393,ROI-0393,271,0.10307017543859649,0.10621468926553672,0.11144578313253012,37,0,0,37,952,905,1225,1.0,1.0,106,"[{""ids"": [2, 33], ""points"": 37}]","[0.46000003814697266, 0.21000003814697266, 0.06863856315612793]"
394,ROI-0394,717,0.10256410256410256,0.10666666666666667,0.10666666666666667,24,0,0,24,764,740,1725,0.7916666666666666,0.9166666666666666,25,"[{""ids"": [2, 6], ""points"": 24}]","[0.2200000286102295, 0.003669261932373047, 0.4099999964237213]"
395,ROI-0395,551,0.1023391812865497,0.10510510510510511,0.0945273631840796,38,0,0,38,1216,1175,85,1.0,1.0,68,"[{""ids"": [33, 37], ""points"": 38}]","[0.3399999737739563, 0.5199999809265137, 0.0068732500076293945]"
396,ROI-0396,600,0.10202331961591221,0.10493827160493827,0.14734950584007186,55,0,1,54,1111,1042,815,1.0,1.0,50,"[{""ids"": [2, 33], ""points"": 34}, {""ids"": [2, 186], ""points"": 20}]","[0.5499999523162842, 0.19000005722045898, 0.015044689178466797]"
397,ROI-0397,894,0.10200364298724954,0.10510510510510511,0.11063526052819414,122,100,11,11,1001,876,1745,0.20270270270270271,0.28378378378378377,107,"[{""ids"": [14, 160], ""points"": 7}, {""ids"": [8, 14], ""points"": 1}, {""ids"": [14, 654], ""points"": 1}, {""ids"": [14, 668], ""points"": 1}]","[0.21361351013183594, 0.1815563142299652, 0.22839409112930298]"
398,ROI-0398,1155,0.10199004975124377,0.10677083333333333,0.09051724137931035,21,0,0,21,779,751,25,1.0,1.0,81,"[{""ids"": [2, 33], ""points"": 21}]","[0.10094702243804932, 0.38999998569488525, 0.10231208801269531]"
399,ROI-0399,573,0.09956709956709955,0.10256410256410256,0.10319634703196347,38,0,1,37,1064,1000,540,1.0,1.0,111,"[{""ids"": [2, 10], ""points"": 37}]","[0.19999998807907104, 0.01441192626953125, 0.49000000953674316]"
400,ROI-0400,311,0.09927140255009108,0.10050714615029968,0.10555555555555556,274,266,5,3,1950,1433,815,0.1267605633802817,0.18779342723004694,64,"[{""ids"": [80, 216], ""points"": 3}]","[0.21269011497497559, 0.35000014305114746, 0.4913855791091919]"
401,ROI-0401,913,0.09876543209876543,0.14814814814814814,0.16666666666666666,13,13,0,0,38,7,740,0.4444444444444444,0.4444444444444444,185,[],"[0.07624387741088867, 0.031007051467895508, 0.024491973221302032]"
402,ROI-0402,74,0.09871495327102804,0.10083532219570406,0.14365671641791045,77,0,0,77,1384,1288,1210,1.0,1.0,107,"[{""ids"": [179, 186], ""points"": 57}, {""ids"": [2, 186], ""points"": 20}]","[0.5003538131713867, 0.11926484107971191, 0.21562135219573975]"
403,ROI-0403,39,0.09841269841269841,0.10130718954248366,0.1345646437994723,51,0,0,51,1072,978,760,1.0,1.0,83,"[{""ids"": [2, 186], ""points"": 27}, {""ids"": [179, 186], ""points"": 24}]","[0.5, 0.11694669723510742, 0.11471521854400635]"
404,ROI-0404,339,0.0983009708737864,0.10049627791563276,0.10478359908883828,46,0,0,46,1239,1136,255,1.0,1.0,125,"[{""ids"": [10, 19], ""points"": 16}, {""ids"": [2, 13], ""points"": 13}, {""ids"": [2, 10], ""points"": 9}, {""ids"": [2, 19], ""points"": 4}]","[0.38999998569488525, 0.16176730394363403, 0.280232310295105]"
405,ROI-0405,85,0.0982253086419753,0.0994686669792155,0.1037326388888889,144,55,83,6,1530,1153,1990,1.0,1.0,3,"[{""ids"": [33, 792], ""points"": 6}]","[0.33000004291534424, 0.5099999904632568, 0.010331511497497559]"
406,ROI-0406,352,0.09821428571428571,0.10679611650485436,0.10679611650485436,12,0,3,9,311,286,1235,1.0,1.0,7,"[{""ids"": [13, 216], ""points"": 7}, {""ids"": [13, 481], ""points"": 2}]","[0.24534130096435547, 0.25999999046325684, 0.003480076789855957]"
407,ROI-0407,344,0.09792284866468842,0.10060975609756098,0.10174418604651163,35,0,0,35,1133,835,15,1.0,1.0,110,"[{""ids"": [2, 10], ""points"": 35}]","[0.5400000214576721, 0.04976761341094971, 0.16999995708465576]"
408,ROI-0408,372,0.09748427672955975,0.10032362459546926,0.1,31,0,0,31,940,896,1155,1.0,1.0,104,"[{""ids"": [33, 210], ""points"": 31}]","[0.31999969482421875, 0.38000011444091797, 0.010218262672424316]"
409,ROI-0409,804,0.09734513274336283,0.10138248847926268,0.08461538461538462,22,0,0,22,858,831,0,1.0,1.0,109,"[{""ids"": [2, 13], ""points"": 22}]","[0.09999996423721313, 0.41999998688697815, 0.11621057987213135]"
410,ROI-0410,535,0.09612105711849958,0.09838568935427575,0.0841300191204589,44,0,0,44,1426,1371,760,1.0,1.0,78,"[{""ids"": [2, 33], ""points"": 44}]","[0.690000057220459, 0.19006752967834473, 0.014988541603088379]"
411,ROI-0411,450,0.09538152610441768,0.09642712139667073,0.10476190476190476,167,66,50,51,2205,2027,1995,0.9097744360902256,0.9624060150375939,13,"[{""ids"": [33, 55], ""points"": 51}]","[0.513006329536438, 0.5099999904632568, 0.01865386962890625]"
412,ROI-0412,1109,0.09523809523809523,0.26666666666666666,0.2777777777777778,5,5,0,0,65,10,815,1.0,1.0,2,[],"[0.06112051010131836, 0.10298943519592285, 0.005325794219970703]"
413,ROI-0413,452,0.09485530546623794,0.09768211920529801,0.08426966292134831,30,0,0,30,1000,961,30,1.0,1.0,81,"[{""ids"": [2, 33], ""points"": 30}]","[0.10408967733383179, 0.5099999904632568, 0.09299683570861816]"
414,ROI-0414,1111,0.09485094850948508,0.1023391812865497,0.1111111111111111,17,2,0,15,453,436,1340,1.0,1.0,211,"[{""ids"": [13, 182], ""points"": 15}]","[0.23000001907348633, 0.20999999344348907, 0.02644515037536621]"
415,ROI-0415,449,0.09445660102115246,0.09635416666666667,0.10062893081761007,54,0,2,52,1489,1435,1430,1.0,1.0,148,"[{""ids"": [2, 33], ""points"": 52}]","[0.7599997520446777, 0.10723531246185303, 0.0958017110824585]"
416,ROI-0416,106,0.0940959409594096,0.09732824427480916,0.09887005649717515,35,0,0,35,837,601,855,1.0,1.0,128,"[{""ids"": [57, 179], ""points"": 35}]","[0.3400001525878906, 0.04792213439941406, 0.24983158707618713]"
417,ROI-0417,556,0.09344326658814292,0.09495312188310394,0.09441233140655106,136,101,10,25,1669,1529,1330,0.35833333333333334,0.4583333333333333,216,"[{""ids"": [206, 209], ""points"": 25}]","[0.30068492889404297, 0.18561744689941406, 0.35164111852645874]"
418,ROI-0418,370,0.09274193548387097,0.09623430962343096,0.09349593495934959,23,0,0,23,740,707,1135,1.0,1.0,110,"[{""ids"": [33, 210], ""points"": 23}]","[0.23000001907348633, 0.3400000333786011, 0.0070525407791137695]"
419,ROI-0419,553,0.09259259259259259,0.09990253411306042,0.11528822055137844,21,5,7,9,402,322,930,1.0,1.0,15,"[{""ids"": [13, 216], ""points"": 9}]","[0.13000011444091797, 0.27014708518981934, 0.07347166538238525]"
420,ROI-0420,350,0.09251101321585903,0.0963302752293578,0.09716599190283401,24,0,0,24,804,719,75,1.0,1.0,110,"[{""ids"": [2, 10], ""points"": 24}]","[0.4099999964237213, 0.04055309295654297, 0.1799999475479126]"
421,ROI-0421,189,0.09241805424651794,0.09320870299957751,0.09628578187840076,382,357,25,0,2751,2116,1745,0.04081632653061224,0.08163265306122448,89,[],"[0.25032901763916016, 0.4700000286102295, 0.3728729486465454]"
422,ROI-0422,84,0.09159584513692164,0.0939922480620155,0.11752136752136752,55,0,0,55,1105,878,1080,1.0,1.0,123,"[{""ids"": [57, 179], ""points"": 55}]","[0.4067380428314209, 0.006626605987548828, 0.3499999940395355]"
423,ROI-0423,301,0.09157509157509157,0.0946969696969697,0.09615384615384616,77,70,1,6,782,639,660,0.11940298507462686,0.11940298507462686,101,"[{""ids"": [13, 14], ""points"": 5}, {""ids"": [13, 243], ""points"": 1}]","[0.3015570640563965, 0.14668087661266327, 0.17340195178985596]"
424,ROI-0424,572,0.09117383512544801,0.09460715946071593,0.1162514827995255,37,3,7,27,850,800,540,1.0,1.0,110,"[{""ids"": [2, 10], ""points"": 26}, {""ids"": [10, 19], ""points"": 1}]","[0.19999998807907104, 0.016158699989318848, 0.4000000059604645]"
425,ROI-0425,282,0.09095969717212202,0.09263038548752833,0.09944444444444445,174,169,5,0,1401,1050,1745,0.08695652173913043,0.15217391304347827,32,[],"[0.25, 0.30682873725891113, 0.33088064193725586]"
426,ROI-0426,457,0.09086629001883238,0.09203624225083452,0.09477911646586346,131,68,21,42,1926,1791,1515,0.5181818181818182,0.5454545454545454,214,"[{""ids"": [206, 209], ""points"": 42}]","[0.30356836318969727, 0.2715294361114502, 0.3657653331756592]"
427,ROI-0427,377,0.09065934065934066,0.0953757225433526,0.08095238095238096,17,0,0,17,709,690,1735,1.0,1.0,13,"[{""ids"": [2, 18], ""points"": 17}]","[0.2999999523162842, 0.0032308101654052734, 0.3400000333786011]"
428,ROI-0428,1298,0.09064327485380118,0.1076388888888889,0.11794871794871795,8,0,1,7,224,213,1060,1.0,1.0,11,"[{""ids"": [2, 14], ""points"": 6}, {""ids"": [2, 379], ""points"": 1}]","[0.25, 0.0038558244705200195, 0.10000002384185791]"
429,ROI-0429,478,0.09013605442176871,0.09925093632958802,0.10032362459546926,18,5,13,0,316,279,945,1.0,1.0,17,[],"[0.11999988555908203, 0.3199999928474426, 0.010789871215820312]"
430,ROI-0430,445,0.08983983983983986,0.09776688453159042,0.10555555555555556,31,18,0,13,536,505,1515,0.7619047619047619,0.7619047619047619,75,"[{""ids"": [33, 189], ""points"": 13}]","[0.24230337142944336, 0.22999998927116394, 0.023806333541870117]"
431,ROI-0431,775,0.08958333333333333,0.09217577706323687,0.09654471544715447,33,0,4,29,962,912,80,1.0,1.0,13,"[{""ids"": [33, 55], ""points"": 29}]","[0.25, 0.4015650153160095, 0.017626285552978516]"
432,ROI-0432,517,0.0892857142857143,0.09433962264150944,0.09576427255985268,25,7,9,9,528,497,0,0.8260869565217391,1.0,35,"[{""ids"": [13, 15], ""points"": 7}, {""ids"": [1, 13], ""points"": 2}]","[0.25999999046325684, 0.3199999928474426, 0.019196152687072754]"
433,ROI-0433,169,0.08917197452229299,0.09090909090909091,0.08797127468581688,49,0,0,49,1162,1062,770,1.0,1.0,108,"[{""ids"": [57, 179], ""points"": 49}]","[0.3599996566772461, 0.003045320510864258, 0.4300000071525574]"
434,ROI-0434,675,0.08872819100091829,0.09215546018121126,0.09891196834817013,99,98,1,0,831,669,1050,0.10606060606060606,0.19696969696969696,106,[],"[0.2026081085205078, 0.18431603908538818, 0.12193244695663452]"
435,ROI-0435,375,0.08866995073891626,0.0906801007556675,0.09296482412060302,37,0,0,37,1167,1128,540,1.0,1.0,68,"[{""ids"": [2, 13], ""points"": 37}]","[0.5499999523162842, 0.10482454299926758, 0.11588180065155029]"
436,ROI-0436,530,0.08837209302325581,0.09223300970873786,0.09223300970873786,27,5,14,8,558,525,1520,0.8148148148148148,0.8148148148148148,8,"[{""ids"": [13, 206], ""points"": 6}, {""ids"": [13, 548], ""points"": 1}, {""ids"": [206, 545], ""points"": 1}]","[0.570000171661377, 0.12000000476837158, 0.006248950958251953]"
437,ROI-0437,1021,0.08823529411764706,0.09316770186335403,0.09523809523809523,16,0,0,16,644,622,40,1.0,1.0,36,"[{""ids"": [33, 37], ""points"": 16}]","[0.1880108118057251, 0.3499999940395355, 0.008531928062438965]"
438,ROI-0438,432,0.08808290155440414,0.09018567639257294,0.08955223880597014,36,0,0,36,1076,1019,1495,1.0,1.0,93,"[{""ids"": [2, 13], ""points"": 32}, {""ids"": [13, 218], ""points"": 4}]","[0.3299999237060547, 0.30901050567626953, 0.11200785636901855]"
439,ROI-0439,1135,0.08783783783783784,0.1,0.10606060606060606,8,1,1,6,198,132,1740,1.0,1.0,9,"[{""ids"": [8, 14], ""points"": 6}]","[0.13280653953552246, 0.06999999284744263, 0.14945238828659058]"
440,ROI-0440,1172,0.08771929824561403,0.09259259259259259,0.08374384236453201,17,0,0,17,695,674,75,1.0,1.0,58,"[{""ids"": [2, 33], ""points"": 17}]","[0.386354923248291, 0.11767458915710449, 0.07967996597290039]"
441,ROI-0441,176,0.08682885906040269,0.08816013628620102,0.10039113428943937,77,0,0,77,1482,1291,765,1.0,1.0,105,"[{""ids"": [57, 179], ""points"": 77}]","[0.46000003814697266, 0.0026950836181640625, 0.429999977350235]"
442,ROI-0442,270,0.08673469387755102,0.09550561797752809,0.0891089108910891,20,14,5,1,298,267,1880,0.6,0.65,10,"[{""ids"": [13, 216], ""points"": 1}]","[0.24000024795532227, 0.23000001907348633, 0.016277551651000977]"
443,ROI-0443,435,0.08653846153846154,0.09473684210526316,0.08666666666666667,14,1,1,12,533,512,555,1.0,1.0,51,"[{""ids"": [2, 33], ""points"": 12}]","[0.28999996185302734, 0.1043475866317749, 0.09914553165435791]"
444,ROI-0444,962,0.08651399491094149,0.09289617486338798,0.0966183574879227,39,38,1,0,343,269,1820,0.3235294117647059,0.4411764705882353,12,[],"[0.1700000762939453, 0.1460353136062622, 0.1700000762939453]"
445,ROI-0445,917,0.0859375,0.09243697478991597,0.09016393442622951,11,0,0,11,523,509,10,1.0,1.0,118,"[{""ids"": [10, 13], ""points"": 11}]","[0.2800000011920929, 0.088226318359375, 0.11085224151611328]"
446,ROI-0446,429,0.08552631578947369,0.08904109589041095,0.0944206008583691,22,0,0,22,685,655,1190,1.0,1.0,112,"[{""ids"": [2, 13], ""points"": 20}, {""ids"": [13, 218], ""points"": 2}]","[0.23095941543579102, 0.18009471893310547, 0.11526226997375488]"
447,ROI-0447,976,0.08522727272727272,0.08823529411764706,0.08778625954198473,23,0,0,23,819,792,40,1.0,1.0,54,"[{""ids"": [33, 37], ""points"": 23}]","[0.25999999046325684, 0.3999999761581421, 0.006526470184326172]"
448,ROI-0448,542,0.08463453269970582,0.08621484555094514,0.0957041870581838,89,44,3,42,1217,1113,1020,0.7571428571428571,0.8571428571428571,116,"[{""ids"": [172, 185], ""points"": 42}]","[0.3899998664855957, 0.32999998331069946, 0.07815873622894287]"
449,ROI-0449,492,0.08398310591293046,0.0851028806584362,0.0931174089068826,258,240,18,0,2375,1258,1555,0.12941176470588237,0.21764705882352942,234,[],"[0.30173730850219727, 0.2119961380958557, 0.30227887630462646]"
450,ROI-0450,441,0.08391608391608392,0.08955223880597014,0.08754208754208755,48,44,4,0,434,340,1880,0.32432432432432434,0.3783783783783784,227,[],"[0.1234426498413086, 0.12674468755722046, 0.12000000476837158]"
451,ROI-0451,476,0.08389261744966442,0.08650519031141868,0.06720430107526881,25,0,0,25,1094,1066,875,1.0,1.0,21,"[{""ids"": [2, 33], ""points"": 25}]","[0.49000000953674316, 0.18778347969055176, 0.01501774787902832]"
452,ROI-0452,501,0.0838150289017341,0.08605341246290801,0.07913669064748201,33,0,0,33,1240,1206,25,1.0,1.0,108,"[{""ids"": [2, 10], ""points"": 33}]","[0.18000000715255737, 0.02133941650390625, 0.6000000238418579]"
453,ROI-0453,308,0.08361774744027303,0.08626760563380281,0.08544303797468354,27,0,0,27,853,769,935,1.0,1.0,37,"[{""ids"": [2, 13], ""points"": 19}, {""ids"": [13, 322], ""points"": 7}, {""ids"": [2, 322], ""points"": 1}]","[0.4363107681274414, 0.11150836944580078, 0.11297190189361572]"
454,ROI-0454,767,0.08323232323232324,0.08604845446950711,0.08881199538638986,26,0,1,25,862,835,1780,1.0,1.0,54,"[{""ids"": [2, 13], ""points"": 25}]","[0.41999995708465576, 0.08525919914245605, 0.11568522453308105]"
455,ROI-0455,294,0.08316171422967537,0.0838275998418347,0.08866899495537446,355,289,30,36,3662,3291,1520,0.2620967741935484,0.33064516129032256,232,"[{""ids"": [160, 162], ""points"": 19}, {""ids"": [14, 160], ""points"": 12}, {""ids"": [14, 162], ""points"": 4}, {""ids"": [162, 211], ""points"": 1}]","[0.5568997859954834, 0.5899999737739563, 0.38787561655044556]"
456,ROI-0456,497,0.08306709265175719,0.08552631578947369,0.08045977011494253,28,0,0,28,1015,986,0,1.0,1.0,114,"[{""ids"": [2, 19], ""points"": 24}, {""ids"": [19, 23], ""points"": 4}]","[0.03171956539154053, 0.49483227729797363, 0.18999996781349182]"
457,ROI-0457,437,0.08246527777777778,0.08652094717668488,0.07450980392156863,19,0,0,19,767,748,670,1.0,1.0,161,"[{""ids"": [33, 186], ""points"": 19}]","[0.19000005722045898, 0.39000001549720764, 0.019460201263427734]"
458,ROI-0458,359,0.08245614035087719,0.09108527131782945,0.0915032679738562,10,0,2,8,305,291,1575,1.0,1.0,3,"[{""ids"": [2, 216], ""points"": 8}]","[0.3399996757507324, 0.003241300582885742, 0.10000002384185791]"
459,ROI-0459,776,0.08229166666666667,0.08386411889596602,0.08385744234800839,40,0,0,40,1285,1241,895,1.0,1.0,211,"[{""ids"": [2, 13], ""points"": 40}]","[0.09831857681274414, 0.6100001335144043, 0.12548160552978516]"
460,ROI-0460,582,0.08203125,0.08502024291497975,0.07636363636363637,21,0,0,21,774,751,0,1.0,1.0,111,"[{""ids"": [2, 19], ""points"": 21}]","[0.0218886137008667, 0.1899999976158142, 0.38999998569488525]"
461,ROI-0461,627,0.08172458172458173,0.08466666666666667,0.09090909090909091,28,0,0,28,927,877,585,1.0,1.0,119,"[{""ids"": [2, 19], ""points"": 28}]","[0.18000000715255737, 0.06045079231262207, 0.3799999952316284]"
462,ROI-0462,326,0.08163265306122448,0.0855614973262032,0.08203125,21,0,0,21,793,765,555,1.0,1.0,61,"[{""ids"": [2, 33], ""points"": 21}]","[0.4100003242492676, 0.10571861267089844, 0.0987844467163086]"
463,ROI-0463,689,0.08153477218225419,0.08287629494210846,0.08633879781420765,105,75,7,23,1177,1072,895,0.5416666666666666,0.59375,15,"[{""ids"": [33, 277], ""points"": 23}]","[0.34999990463256836, 0.36000001430511475, 0.03794586658477783]"
464,ROI-0464,263,0.08125,0.08441558441558442,0.0707070707070707,21,0,0,21,958,922,0,1.0,1.0,109,"[{""ids"": [2, 13], ""points"": 21}]","[0.10078179836273193, 0.429999977350235, 0.11082887649536133]"
465,ROI-0465,750,0.0808641975308642,0.08223477715003139,0.09803921568627451,64,2,3,59,1580,1509,545,1.0,1.0,111,"[{""ids"": [2, 10], ""points"": 57}, {""ids"": [10, 13], ""points"": 2}]","[0.22144442796707153, 0.11022156476974487, 0.6106328964233398]"
466,ROI-0466,330,0.08050847457627118,0.08370044052863436,0.08370044052863436,19,0,0,19,679,636,1160,1.0,1.0,115,"[{""ids"": [33, 210], ""points"": 19}]","[0.3299999237060547, 0.25, 0.00770723819732666]"
467,ROI-0467,355,0.0804221251819505,0.08203414996288047,0.08893280632411067,45,0,0,45,1256,1168,1245,1.0,1.0,152,"[{""ids"": [13, 300], ""points"": 45}]","[0.4321260452270508, 0.3714931011199951, 0.020179033279418945]"
468,ROI-0468,337,0.08036945133719328,0.08220530174844896,0.08687258687258688,58,14,11,33,1306,1227,1585,0.5833333333333334,0.9583333333333334,97,"[{""ids"": [80, 216], ""points"": 17}, {""ids"": [77, 216], ""points"": 9}, {""ids"": [77, 80], ""points"": 7}]","[0.2864556312561035, 0.4565255641937256, 0.12352299690246582]"
469,ROI-0469,628,0.08013888888888888,0.08135927805978567,0.09211775878442545,86,30,4,52,1599,1489,625,0.6352941176470588,0.6352941176470588,119,"[{""ids"": [2, 19], ""points"": 47}, {""ids"": [10, 19], ""points"": 5}]","[0.24000000953674316, 0.0775836706161499, 0.5699999928474426]"
470,ROI-0470,753,0.08,0.0851063829787234,0.07926829268292683,13,0,0,13,568,553,30,1.0,1.0,86,"[{""ids"": [2, 33], ""points"": 13}]","[0.09358817338943481, 0.309999942779541, 0.0971992015838623]"
471,ROI-0471,414,0.07999999999999999,0.08433734939759036,0.07177033492822966,15,0,0,15,646,598,610,1.0,1.0,168,"[{""ids"": [2, 179], ""points"": 13}, {""ids"": [2, 186], ""points"": 1}, {""ids"": [179, 186], ""points"": 1}]","[0.13681936264038086, 0.10347819328308105, 0.25318628549575806]"
472,ROI-0472,737,0.07990867579908677,0.08244994110718493,0.08441558441558442,26,0,0,26,948,920,60,1.0,1.0,39,"[{""ids"": [33, 37], ""points"": 26}]","[0.38999998569488525, 0.309999942779541, 0.01224207878112793]"
473,ROI-0473,1208,0.07964601769911504,0.08653846153846154,0.08490566037735849,9,0,0,9,421,378,1460,1.0,1.0,97,"[{""ids"": [33, 210], ""points"": 9}]","[0.20456933975219727, 0.2200000286102295, 0.012147903442382812]"
474,ROI-0474,1139,0.07947019867549669,0.08450704225352113,0.07272727272727272,12,0,0,12,508,493,30,1.0,1.0,87,"[{""ids"": [2, 33], ""points"": 12}]","[0.10356259346008301, 0.3100000023841858, 0.09221398830413818]"
475,ROI-0475,906,0.07936507936507937,0.1388888888888889,0.1794871794871795,5,3,2,0,40,9,830,0.75,1.0,3,[],"[0.064422607421875, 0.10000002384185791, 0.0035867691040039062]"
476,ROI-0476,525,0.07936507936507936,0.08680555555555555,0.08630952380952381,11,1,2,8,376,363,155,0.8181818181818182,1.0,46,"[{""ids"": [2, 4], ""points"": 8}]","[0.00469440221786499, 0.2799999713897705, 0.21000000834465027]"
477,ROI-0477,296,0.07905056759545923,0.08131634819532908,0.09903917220990392,45,0,1,44,1280,1230,645,1.0,1.0,71,"[{""ids"": [33, 195], ""points"": 44}]","[0.20121335983276367, 0.6200000047683716, 0.011329293251037598]"
478,ROI-0478,1028,0.07903780068728522,0.08288288288288288,0.08516886930983847,20,1,0,19,830,770,210,1.0,1.0,117,"[{""ids"": [7, 16], ""points"": 18}, {""ids"": [16, 87], ""points"": 1}]","[0.23999997973442078, 0.3100000023841858, 0.10209846496582031]"
479,ROI-0479,1276,0.07894736842105263,0.09375,0.07462686567164178,5,0,0,5,226,221,1245,1.0,1.0,7,"[{""ids"": [2, 14], ""points"": 5}]","[0.2199997901916504, 0.004324674606323242, 0.10000002384185791]"
480,ROI-0480,63,0.07893333333333333,0.08008658008658008,0.09049079754601227,115,53,62,0,1311,1029,1960,1.0,1.0,9,[],"[0.3847978115081787, 0.4399998188018799, 0.016027092933654785]"
481,ROI-0481,599,0.07874617737003059,0.08213716108452951,0.072992700729927,21,1,1,19,848,813,835,1.0,1.0,39,"[{""ids"": [2, 33], ""points"": 13}, {""ids"": [2, 186], ""points"": 5}, {""ids"": [33, 186], ""points"": 1}]","[0.3900001049041748, 0.18000006675720215, 0.014761567115783691]"
482,ROI-0482,361,0.07871769050016783,0.08091787439613525,0.09300184162062615,51,16,20,15,919,862,1500,0.9375,0.9583333333333334,17,"[{""ids"": [2, 13], ""points"": 10}, {""ids"": [13, 14], ""points"": 3}, {""ids"": [2, 14], ""points"": 2}]","[0.4100003242492676, 0.33031898736953735, 0.177229642868042]"
483,ROI-0483,887,0.0787037037037037,0.0821256038647343,0.07234042553191489,17,0,0,17,793,771,5,1.0,1.0,97,"[{""ids"": [2, 13], ""points"": 17}]","[0.10250627994537354, 0.37604618072509766, 0.10662376880645752]"
484,ROI-0484,1073,0.07843137254901962,0.10666666666666667,0.09523809523809523,8,8,0,0,86,21,345,0.125,0.125,3,[],"[0.09284210205078125, 0.11085253953933716, 0.07999998331069946]"
485,ROI-0485,394,0.07838571982925882,0.0792156862745098,0.08690136378052649,92,1,0,91,2094,1952,1075,1.0,1.0,126,"[{""ids"": [57, 179], ""points"": 91}]","[0.4099998474121094, 0.004496574401855469, 0.6799999475479126]"
486,ROI-0486,448,0.07816862088218872,0.07997714938588975,0.10006901311249138,81,42,14,25,1239,1142,585,0.8833333333333333,1.0,52,"[{""ids"": [2, 12], ""points"": 25}]","[0.5302872657775879, 0.05653858184814453, 0.1899999976158142]"
487,ROI-0487,813,0.07816091954022987,0.08333333333333333,0.0815347721822542,12,0,2,10,401,385,605,0.8333333333333334,0.8333333333333334,34,"[{""ids"": [2, 13], ""points"": 10}]","[0.20000004768371582, 0.09328794479370117, 0.1349855661392212]"
488,ROI-0488,171,0.07806513409961686,0.07943469785575048,0.08357771260997067,57,0,0,57,1380,1226,770,1.0,1.0,106,"[{""ids"": [57, 179], ""points"": 57}]","[0.40000009536743164, 0.00293731689453125, 0.4399999678134918]"
489,ROI-0489,264,0.07804232804232804,0.07994579945799458,0.08137044967880086,38,0,0,38,1219,1172,0,1.0,1.0,110,"[{""ids"": [2, 13], ""points"": 38}]","[0.15724092721939087, 0.47979795932769775, 0.10973632335662842]"
490,ROI-0490,676,0.07733333333333332,0.08333333333333333,0.08205128205128205,13,3,1,9,460,442,755,0.8333333333333334,0.9166666666666666,87,"[{""ids"": [13, 206], ""points"": 8}, {""ids"": [13, 181], ""points"": 1}]","[0.2199997901916504, 0.2200000286102295, 0.015902400016784668]"
491,ROI-0491,851,0.07725694444444443,0.0800719748088169,0.07894736842105263,44,7,37,0,833,789,95,1.0,1.0,3,[],"[0.2399998903274536, 0.38999998569488525, 0.0037091970443725586]"
492,ROI-0492,571,0.07692307692307693,0.08040201005025126,0.07142857142857142,17,0,0,17,762,729,245,1.0,1.0,110,"[{""ids"": [2, 10], ""points"": 17}]","[0.21150422096252441, 0.01213836669921875, 0.3199999928474426]"
493,ROI-0493,1023,0.07692307692307693,0.08928571428571429,0.08928571428571429,5,0,0,5,190,184,1730,1.0,1.0,6,"[{""ids"": [2, 14], ""points"": 5}]","[0.2200000286102295, 0.0017735958099365234, 0.0899999737739563]"
494,ROI-0494,324,0.07675038051750381,0.07795169082125604,0.08411949685534591,148,108,14,26,1754,1590,1505,0.36936936936936937,0.36936936936936937,100,"[{""ids"": [2, 12], ""points"": 26}]","[0.24000024795532227, 0.05238914489746094, 0.699999988079071]"
495,ROI-0495,1156,0.07664609053497941,0.08361391694725027,0.08333333333333333,12,1,0,11,502,472,775,1.0,1.0,118,"[{""ids"": [57, 179], ""points"": 11}]","[0.26433467864990234, 0.0021538734436035156, 0.20306777954101562]"
496,ROI-0496,821,0.07661927330173775,0.08003300330033003,0.0859375,22,0,0,22,878,835,565,1.0,1.0,215,"[{""ids"": [14, 160], ""points"": 22}]","[0.3400001525878906, 0.21118123829364777, 0.10492151975631714]"
497,ROI-0497,267,0.0764525993883792,0.07861635220125786,0.0728862973760933,25,0,0,25,843,798,1185,1.0,1.0,161,"[{""ids"": [2, 227], ""points"": 25}]","[0.26999998092651367, 0.0077037811279296875, 0.3100000023841858]"
498,ROI-0498,216,0.07586206896551724,0.08088235294117647,0.08088235294117647,11,0,0,11,524,511,610,1.0,1.0,190,"[{""ids"": [2, 13], ""points"": 11}]","[0.08870220184326172, 0.2800000309944153, 0.1104581356048584]"
499,ROI-0499,95,0.07507507507507508,0.0782472613458529,0.07924528301886792,21,0,0,21,772,687,785,1.0,1.0,117,"[{""ids"": [57, 179], ""points"": 21}]","[0.3400001525878906, 0.003634214401245117, 0.25]"
500,ROI-0500,307,0.075,0.07894736842105263,0.07731958762886598,15,0,0,15,683,668,105,1.0,1.0,98,"[{""ids"": [2, 13], ""points"": 15}]","[0.32999998331069946, 0.10357785224914551, 0.11049151420593262]"
501,ROI-0501,921,0.07476635514018691,0.07804878048780488,0.07407407407407407,16,0,0,16,710,694,70,1.0,1.0,101,"[{""ids"": [2, 13], ""points"": 16}]","[0.3499999940395355, 0.10551095008850098, 0.10239040851593018]"
502,ROI-0502,483,0.07456140350877193,0.07646780303030302,0.08695652173913043,40,2,2,36,1116,1062,560,1.0,1.0,45,"[{""ids"": [2, 33], ""points"": 36}]","[0.5308058261871338, 0.12374424934387207, 0.09409701824188232]"
503,ROI-0503,677,0.0745393634840871,0.0780701754385965,0.07377049180327869,22,1,10,11,652,627,1530,0.7727272727272727,1.0,6,"[{""ids"": [13, 172], ""points"": 11}]","[0.3600001335144043, 0.4963277578353882, 0.009217619895935059]"
504,ROI-0504,33,0.07439613526570049,0.0763888888888889,0.1300174520069808,50,0,1,49,1206,1135,755,1.0,1.0,92,"[{""ids"": [179, 186], ""points"": 30}, {""ids"": [2, 186], ""points"": 19}]","[0.570000171661377, 0.12503600120544434, 0.09538137912750244]"
505,ROI-0505,761,0.07432432432432433,0.07913669064748201,0.08415841584158416,17,0,0,17,673,644,710,1.0,1.0,57,"[{""ids"": [33, 195], ""points"": 17}]","[0.3299999237060547, 0.18999993801116943, 0.0062482357025146484]"
506,ROI-0506,1136,0.07407407407407407,0.08641975308641975,0.09195402298850575,7,0,5,2,250,237,1770,1.0,1.0,25,"[{""ids"": [13, 206], ""points"": 2}]","[0.21597957611083984, 0.11000001430511475, 0.0032573938369750977]"
507,ROI-0507,747,0.07349896480331264,0.07785087719298246,0.08695652173913043,14,0,0,14,604,563,25,1.0,1.0,76,"[{""ids"": [13, 15], ""points"": 14}]","[0.21168458461761475, 0.2799999713897705, 0.007841706275939941]"
508,ROI-0508,1214,0.07333333333333333,0.08333333333333333,0.08955223880597014,6,0,0,6,270,250,1795,1.0,1.0,34,"[{""ids"": [5, 13], ""points"": 6}]","[0.2200000286102295, 0.1499999761581421, 0.04634416103363037]"
509,ROI-0509,670,0.07333333333333333,0.08943089430894309,0.10119047619047619,8,3,1,4,157,76,185,1.0,1.0,91,"[{""ids"": [7, 13], ""points"": 4}]","[0.06214451789855957, 0.12697184085845947, 0.03037106990814209]"
510,ROI-0510,880,0.07264957264957266,0.0787037037037037,0.07142857142857142,9,0,0,9,501,490,1325,1.0,1.0,211,"[{""ids"": [206, 209], ""points"": 9}]","[0.10092639923095703, 0.261566162109375, 0.11130368709564209]"
511,ROI-0511,666,0.07253886010362694,0.07608695652173914,0.060085836909871244,14,0,0,14,810,792,850,1.0,1.0,25,"[{""ids"": [2, 33], ""points"": 14}]","[0.36999988555908203, 0.18013834953308105, 0.015015244483947754]"
512,ROI-0512,474,0.07179487179487179,0.07526881720430108,0.06976744186046512,15,0,0,15,606,537,780,1.0,1.0,105,"[{""ids"": [57, 179], ""points"": 15}]","[0.25999975204467773, 0.0030858516693115234, 0.2799999713897705]"
513,ROI-0513,35,0.07152777777777779,0.07220469681037504,0.07220469681037504,112,18,94,0,1788,1584,1965,1.0,1.0,8,[],"[0.44999992847442627, 0.501394510269165, 0.011852025985717773]"
514,ROI-0514,798,0.07142857142857142,0.08,0.05405405405405406,6,0,0,6,473,418,745,1.0,1.0,99,"[{""ids"": [172, 187], ""points"": 6}]","[0.22999978065490723, 0.16999995708465576, 0.08033698797225952]"
515,ROI-0515,584,0.0712719298245614,0.07575757575757576,0.08602150537634409,18,1,4,13,657,628,730,1.0,1.0,54,"[{""ids"": [2, 12], ""points"": 13}]","[0.16000008583068848, 0.05242025852203369, 0.3099999725818634]"
516,ROI-0516,490,0.07096883468834689,0.07297109021246953,0.07590759075907591,66,52,2,12,1076,819,1190,0.39622641509433965,0.41509433962264153,157,"[{""ids"": [172, 181], ""points"": 12}]","[0.34999966621398926, 0.24219948053359985, 0.11397743225097656]"
517,ROI-0517,802,0.07017543859649122,0.07407407407407407,0.07386363636363637,13,0,0,13,577,564,0,1.0,1.0,118,"[{""ids"": [2, 17], ""points"": 13}]","[0.3200000524520874, 0.01208651065826416, 0.17999999225139618]"
518,ROI-0518,1207,0.07017543859649122,0.13333333333333333,0.0784313725490196,3,2,1,0,67,26,920,1.0,1.0,31,[],"[0.061403512954711914, 0.05644512176513672, 0.035834312438964844]"
519,ROI-0519,462,0.06935965269298604,0.07013031550068588,0.0747599451303155,109,50,9,50,2540,2427,1490,0.9333333333333333,0.9555555555555556,230,"[{""ids"": [182, 190], ""points"": 50}]","[0.29594898223876953, 0.5554029941558838, 0.36087310314178467]"
520,ROI-0520,885,0.06923076923076923,0.08035714285714286,0.08333333333333333,5,0,0,5,200,195,1095,1.0,1.0,8,"[{""ids"": [2, 182], ""points"": 5}]","[0.007597923278808594, 0.09000000357627869, 0.2378937005996704]"
521,ROI-0521,101,0.06919060052219322,0.07085561497326204,0.0696629213483146,31,0,0,31,1027,923,780,1.0,1.0,124,"[{""ids"": [57, 179], ""points"": 31}]","[0.34999966621398926, 0.006343364715576172, 0.3699999749660492]"
522,ROI-0522,1031,0.06918238993710692,0.08333333333333333,0.10457516339869281,9,2,7,0,239,225,100,1.0,1.0,3,[],"[0.1150439977645874, 0.19060277938842773, 0.002341151237487793]"
523,ROI-0523,852,0.06896551724137931,0.08163265306122448,0.08163265306122448,4,0,0,4,257,244,520,1.0,1.0,4,"[{""ids"": [1, 13], ""points"": 4}]","[0.13470149040222168, 0.21194183826446533, 0.00448298454284668]"
524,ROI-0524,711,0.06896551724137931,0.08163265306122448,0.0784313725490196,4,0,0,4,194,190,1510,1.0,1.0,6,"[{""ids"": [2, 206], ""points"": 4}]","[0.007531166076660156, 0.09000003337860107, 0.21112489700317383]"
525,ROI-0525,791,0.06841138659320478,0.07390873015873016,0.0873015873015873,16,4,7,5,495,467,1730,0.5833333333333334,0.8333333333333334,79,"[{""ids"": [13, 206], ""points"": 3}, {""ids"": [13, 181], ""points"": 1}, {""ids"": [181, 206], ""points"": 1}]","[0.2199997901916504, 0.2200000286102295, 0.023496508598327637]"
526,ROI-0526,725,0.06818181818181818,0.07425742574257425,0.08633093525179857,35,34,1,0,795,401,1715,0.21739130434782608,0.30434782608695654,133,[],"[0.17525887489318848, 0.13441628217697144, 0.15000003576278687]"
527,ROI-0527,419,0.06770833333333334,0.0717439293598234,0.07083333333333333,16,5,4,7,473,443,1495,0.8,0.8666666666666667,6,"[{""ids"": [13, 14], ""points"": 7}]","[0.25999975204467773, 0.42000001668930054, 0.015160679817199707]"
528,ROI-0528,298,0.06766917293233082,0.07258064516129033,0.0703125,9,0,0,9,522,477,70,1.0,1.0,27,"[{""ids"": [33, 51], ""points"": 9}]","[0.2600000500679016, 0.20722734928131104, 0.032836318016052246]"
529,ROI-0529,544,0.06718346253229975,0.06878306878306878,0.06550580431177445,34,6,11,17,967,931,205,0.8823529411764706,0.9117647058823529,51,"[{""ids"": [13, 15], ""points"": 17}]","[0.21000003814697266, 0.4500000476837158, 0.021654367446899414]"
530,ROI-0530,440,0.06712962962962964,0.06904761904761905,0.09352517985611511,39,0,0,39,1126,1079,785,1.0,1.0,62,"[{""ids"": [2, 33], ""points"": 34}, {""ids"": [2, 186], ""points"": 5}]","[0.5799999237060547, 0.20000004768371582, 0.017164111137390137]"
531,ROI-0531,231,0.06616161616161616,0.0689836756187467,0.0942622950819672,40,21,9,10,688,595,1910,0.35714285714285715,0.5,112,"[{""ids"": [7, 13], ""points"": 10}]","[0.2799999713897705, 0.2099999189376831, 0.04867982864379883]"
532,ROI-0532,958,0.06611570247933884,0.07142857142857142,0.07142857142857142,8,0,0,8,478,468,50,1.0,1.0,35,"[{""ids"": [33, 37], ""points"": 8}]","[0.1799999475479126, 0.2699999213218689, 0.007964015007019043]"
533,ROI-0533,1119,0.06597222222222222,0.0811965811965812,0.08641975308641975,5,0,1,4,205,195,1575,1.0,1.0,3,"[{""ids"": [2, 216], ""points"": 4}]","[0.23000001907348633, 0.0030388832092285156, 0.10000002384185791]"
534,ROI-0534,784,0.06586021505376344,0.06834030683403068,0.06690140845070422,20,1,1,18,829,808,0,1.0,1.0,110,"[{""ids"": [2, 19], ""points"": 17}, {""ids"": [2, 29], ""points"": 1}]","[0.030749201774597168, 0.3700000047683716, 0.2503267824649811]"
535,ROI-0535,473,0.06542056074766354,0.07142857142857142,0.06201550387596899,8,0,0,8,572,552,730,1.0,1.0,200,"[{""ids"": [216, 219], ""points"": 8}]","[0.18691301345825195, 0.2070140838623047, 0.11372804641723633]"
536,ROI-0536,534,0.06521739130434782,0.06787330316742081,0.06042296072507553,20,0,0,20,1003,971,765,1.0,1.0,67,"[{""ids"": [2, 33], ""points"": 20}]","[0.47261905670166016, 0.19024157524108887, 0.01658320426940918]"
537,ROI-0537,1100,0.065,0.07142857142857142,0.06363636363636363,7,0,0,7,444,435,40,1.0,1.0,33,"[{""ids"": [33, 37], ""points"": 7}]","[0.20999997854232788, 0.23999997973442078, 0.008413195610046387]"
538,ROI-0538,1134,0.06462585034013606,0.07916666666666666,0.10852713178294573,7,1,5,1,240,231,1565,1.0,1.0,3,"[{""ids"": [2, 216], ""points"": 1}]","[0.21000003814697266, 0.002902507781982422, 0.1300000548362732]"
539,ROI-0539,771,0.06417910447761192,0.06595092024539877,0.05694760820045558,25,0,0,25,1161,1132,530,1.0,1.0,112,"[{""ids"": [2, 12], ""points"": 25}]","[0.5199999809265137, 0.046582698822021484, 0.18615198135375977]"
540,ROI-0540,828,0.06382978723404255,0.07058823529411765,0.058823529411764705,6,0,0,6,451,438,735,1.0,1.0,112,"[{""ids"": [2, 33], ""points"": 6}]","[0.1400003433227539, 0.2300565242767334, 0.09054732322692871]"
541,ROI-0541,88,0.06370449678800856,0.06495633187772926,0.06763285024154589,42,0,0,42,1325,1228,780,1.0,1.0,112,"[{""ids"": [57, 179], ""points"": 42}]","[0.4200000762939453, 0.003476381301879883, 0.4100000262260437]"
542,ROI-0542,548,0.06349206349206349,0.1111111111111111,0.1111111111111111,6,6,0,0,96,54,980,0.75,0.75,59,[],"[0.07628083229064941, 0.10071289539337158, 0.0721997618675232]"
543,ROI-0543,733,0.06343283582089553,0.06563706563706563,0.0625,17,0,0,17,770,753,0,1.0,1.0,114,"[{""ids"": [2, 19], ""points"": 17}]","[0.023646831512451172, 0.3799999952316284, 0.1899999976158142]"
544,ROI-0544,559,0.06307550644567218,0.06468366383380547,0.06994047619047619,39,8,7,24,1133,1090,1090,0.5555555555555556,0.6666666666666666,227,"[{""ids"": [182, 190], ""points"": 24}]","[0.25, 0.17855145037174225, 0.2734687328338623]"
545,ROI-0545,685,0.06282722513089005,0.06593406593406594,0.06030150753768844,12,0,0,12,646,630,70,1.0,1.0,62,"[{""ids"": [2, 33], ""points"": 12}]","[0.24302369356155396, 0.22648215293884277, 0.08838653564453125]"
546,ROI-0546,661,0.06274509803921569,0.07017543859649122,0.06367041198501873,8,0,7,1,281,229,1940,0.75,1.0,13,"[{""ids"": [216, 322], ""points"": 1}]","[0.15000009536743164, 0.2084057331085205, 0.04567825794219971]"
547,ROI-0547,959,0.0625,0.08695652173913043,0.058333333333333334,3,0,2,1,191,188,655,1.0,1.0,12,"[{""ids"": [13, 251], ""points"": 1}]","[0.20000028610229492, 0.0910792201757431, 0.009078621864318848]"
548,ROI-0548,321,0.06241426611796982,0.06608569353667393,0.06666666666666667,20,10,7,3,470,431,0,0.8947368421052632,0.8947368421052632,5,"[{""ids"": [2, 7], ""points"": 3}]","[0.010658025741577148, 0.11999999731779099, 0.44808250665664673]"
549,ROI-0549,177,0.06235011990407674,0.06372549019607843,0.06436781609195402,28,0,0,28,1095,998,760,1.0,1.0,104,"[{""ids"": [57, 179], ""points"": 28}]","[0.4732632637023926, 0.014017105102539062, 0.3100000023841858]"
550,ROI-0550,613,0.0621379673512375,0.0634920634920635,0.06879299562226392,37,0,1,36,1471,1399,1950,1.0,1.0,150,"[{""ids"": [77, 80], ""points"": 36}]","[0.3672802448272705, 0.3336195945739746, 0.17602157592773438]"
551,ROI-0551,393,0.06198347107438017,0.06696428571428571,0.07317073170731707,9,0,0,9,448,423,1170,1.0,1.0,122,"[{""ids"": [33, 210], ""points"": 9}]","[0.20000028610229492, 0.24000000953674316, 0.009900212287902832]"
552,ROI-0552,592,0.06172839506172839,0.06944444444444445,0.058823529411764705,5,0,0,5,270,255,935,1.0,1.0,26,"[{""ids"": [13, 172], ""points"": 5}]","[0.18000006675720215, 0.16422134637832642, 0.04342842102050781]"
553,ROI-0553,833,0.06167400881057269,0.06422018348623854,0.06222222222222222,14,0,0,14,842,818,1025,1.0,1.0,213,"[{""ids"": [206, 209], ""points"": 14}]","[0.12300968170166016, 0.37321794033050537, 0.12000000476837158]"
554,ROI-0554,536,0.06140350877192982,0.06481481481481481,0.065,13,0,0,13,678,636,785,1.0,1.0,117,"[{""ids"": [57, 179], ""points"": 13}]","[0.31999969482421875, 0.001999378204345703, 0.20999999344348907]"
555,ROI-0555,1268,0.061224489795918366,0.075,0.08620689655172414,5,0,0,5,234,211,0,1.0,1.0,7,"[{""ids"": [1, 13], ""points"": 5}]","[0.24000000953674316, 0.14000001549720764, 0.012465357780456543]"
556,ROI-0556,454,0.06121898597626753,0.0625861593603529,0.06971677559912855,64,29,6,29,1473,1403,945,0.5853658536585366,0.7073170731707317,113,"[{""ids"": [80, 216], ""points"": 29}]","[0.25306129455566406, 0.3399999141693115, 0.23545706272125244]"
557,ROI-0557,252,0.060801144492131615,0.06324404761904762,0.06172839506172839,24,1,5,18,929,895,1850,0.9090909090909091,0.9545454545454546,53,"[{""ids"": [80, 216], ""points"": 18}]","[0.12664532661437988, 0.2200000286102295, 0.3209397792816162]"
558,ROI-0558,13,0.06066268061783756,0.061912026442918884,0.07210401891252956,42,2,0,40,1306,1174,795,1.0,1.0,127,"[{""ids"": [57, 179], ""points"": 40}]","[0.39999961853027344, 0.02403879165649414, 0.4010598361492157]"
559,ROI-0559,1070,0.06060606060606061,0.07017543859649122,0.05063291139240506,4,0,0,4,383,377,625,1.0,1.0,214,"[{""ids"": [182, 190], ""points"": 4}]","[0.10114002227783203, 0.21000000834465027, 0.09999996423721313]"
560,ROI-0560,325,0.060538116591928245,0.0630841121495327,0.0644361833952912,40,32,4,4,724,680,140,0.2727272727272727,0.45454545454545453,117,"[{""ids"": [2, 11], ""points"": 4}]","[0.20000004768371582, 0.06076669692993164, 0.30000001192092896]"
561,ROI-0561,777,0.06036745406824147,0.06182795698924731,0.06339869281045751,79,69,2,8,1166,1074,655,0.484375,0.5625,96,"[{""ids"": [2, 12], ""points"": 8}]","[0.2200002670288086, 0.05327761173248291, 0.47999998927116394]"
562,ROI-0562,1152,0.06034482758620689,0.06542056074766354,0.0603448275862069,7,0,0,7,509,500,60,1.0,1.0,34,"[{""ids"": [33, 37], ""points"": 7}]","[0.19082069396972656, 0.26999998092651367, 0.01119852066040039]"
563,ROI-0563,814,0.06029810298102981,0.06180555555555556,0.09274193548387097,46,0,0,46,1399,1349,150,1.0,1.0,86,"[{""ids"": [2, 33], ""points"": 46}]","[0.7299999594688416, 0.09642040729522705, 0.09798204898834229]"
564,ROI-0564,1056,0.060283687943262415,0.06666666666666667,0.0673758865248227,11,5,4,2,304,291,1550,0.8888888888888888,1.0,4,"[{""ids"": [2, 216], ""points"": 2}]","[0.24000024795532227, 0.004737377166748047, 0.23000001907348633]"
565,ROI-0565,1003,0.06,0.07317073170731707,0.07317073170731707,3,0,0,3,203,200,200,1.0,1.0,8,"[{""ids"": [1, 13], ""points"": 3}]","[0.18999993801116943, 0.1799999475479126, 0.004441976547241211]"
566,ROI-0566,1174,0.05982905982905983,0.19444444444444445,0.16666666666666666,3,3,0,0,154,28,900,1.0,1.0,101,[],"[0.07389020919799805, 0.06069004535675049, 0.10744363069534302]"
567,ROI-0567,744,0.05952380952380952,0.06116207951070336,0.0603448275862069,21,0,0,21,985,950,975,1.0,1.0,126,"[{""ids"": [172, 187], ""points"": 21}]","[0.2432572841644287, 0.3713568449020386, 0.07066994905471802]"
568,ROI-0568,273,0.0594059405940594,0.06521739130434782,0.0625,7,0,3,4,289,282,1510,1.0,1.0,7,"[{""ids"": [2, 206], ""points"": 4}]","[0.004549503326416016, 0.09000003337860107, 0.3199999928474426]"
569,ROI-0569,521,0.05930232558139535,0.060570071258907364,0.09208103130755065,50,0,0,50,1601,1502,40,1.0,1.0,63,"[{""ids"": [2, 33], ""points"": 47}, {""ids"": [33, 39], ""points"": 3}]","[0.7400000095367432, 0.16869843006134033, 0.13446593284606934]"
570,ROI-0570,172,0.05921052631578947,0.061016949152542375,0.05993690851735016,19,0,0,19,821,758,760,1.0,1.0,125,"[{""ids"": [57, 179], ""points"": 19}]","[0.26999998092651367, 0.004929304122924805, 0.3799999952316284]"
571,ROI-0571,990,0.05917159763313609,0.0625,0.05813953488372093,10,0,0,10,614,597,725,1.0,1.0,47,"[{""ids"": [33, 195], ""points"": 10}]","[0.2799999713897705, 0.22483766078948975, 0.005137443542480469]"
572,ROI-0572,1069,0.05803571428571429,0.06310679611650485,0.07518796992481203,10,0,0,10,488,454,80,1.0,1.0,122,"[{""ids"": [10, 19], ""points"": 10}]","[0.1926407366991043, 0.01347196102142334, 0.25999999046325684]"
573,ROI-0573,1235,0.05797101449275362,0.09523809523809523,0.07575757575757576,5,5,0,0,98,33,1910,1.0,1.0,24,[],"[0.09312105178833008, 0.07300043106079102, 0.06337761878967285]"
574,ROI-0574,1013,0.05753968253968254,0.06855791962174941,0.09289617486338798,10,4,5,1,184,120,1620,0.625,0.75,5,"[{""ids"": [13, 322], ""points"": 1}]","[0.1244208812713623, 0.15999984741210938, 0.07131171226501465]"
575,ROI-0575,796,0.057203389830508475,0.05947136563876652,0.09,27,0,0,27,917,813,720,1.0,1.0,191,"[{""ids"": [179, 186], ""points"": 27}]","[0.12025594711303711, 0.0955650806427002, 0.4399999976158142]"
576,ROI-0576,895,0.05652173913043478,0.058823529411764705,0.056768558951965066,13,0,0,13,675,651,1395,1.0,1.0,77,"[{""ids"": [2, 13], ""points"": 13}]","[0.09348249435424805, 0.309999942779541, 0.11380553245544434]"
577,ROI-0577,1123,0.05649717514124294,0.05952380952380952,0.09345794392523364,20,0,0,20,717,693,730,1.0,1.0,122,"[{""ids"": [2, 33], ""points"": 20}]","[0.10279130935668945, 0.37023115158081055, 0.09946227073669434]"
578,ROI-0578,395,0.056372549019607844,0.05897435897435897,0.05802469135802469,16,0,1,15,787,726,800,1.0,1.0,121,"[{""ids"": [57, 179], ""points"": 15}]","[0.28696727752685547, 0.0023398399353027344, 0.25999999046325684]"
579,ROI-0579,434,0.056291390728476824,0.05985915492957746,0.056962025316455694,9,0,0,9,566,557,0,1.0,1.0,113,"[{""ids"": [2, 11], ""points"": 9}]","[0.2799999713897705, 0.05897200107574463, 0.19469891488552094]"
580,ROI-0580,969,0.056074766355140186,0.061224489795918366,0.05511811023622047,7,0,0,7,488,462,755,1.0,1.0,130,"[{""ids"": [57, 179], ""points"": 7}]","[0.20999956130981445, 0.017995119094848633, 0.23000000417232513]"
581,ROI-0581,293,0.055944055944055944,0.05776173285198556,0.06376811594202898,50,40,4,6,805,733,265,0.40476190476190477,0.5,25,"[{""ids"": [33, 51], ""points"": 6}]","[0.28999996185302734, 0.28999996185302734, 0.03342485427856445]"
582,ROI-0582,366,0.05587121212121213,0.06223628691983123,0.08754208754208755,13,6,1,6,284,269,1510,1.0,1.0,9,"[{""ids"": [2, 182], ""points"": 6}]","[0.002338886260986328, 0.12000000476837158, 0.2900000214576721]"
583,ROI-0583,567,0.05575539568345324,0.05961538461538462,0.05732484076433121,9,0,0,9,538,529,0,1.0,1.0,119,"[{""ids"": [2, 17], ""points"": 9}]","[0.2900000810623169, 0.011303544044494629, 0.19621652364730835]"
584,ROI-0584,475,0.05555555555555556,0.06301824212271974,0.05907172995780591,6,0,4,2,286,268,1505,1.0,1.0,11,"[{""ids"": [13, 182], ""points"": 1}, {""ids"": [182, 548], ""points"": 1}]","[0.23748350143432617, 0.13999998569488525, 0.003313779830932617]"
585,ROI-0585,1212,0.05555555555555556,0.08888888888888889,0.0784313725490196,2,0,2,0,95,60,1535,1.0,1.0,1,[],"[0.06193208694458008, 0.07656878232955933, 0.10008949041366577]"
586,ROI-0586,915,0.05555555555555555,0.057971014492753624,0.058823529411764705,13,0,0,13,719,670,80,1.0,1.0,29,"[{""ids"": [33, 51], ""points"": 13}]","[0.25999993085861206, 0.28999996185302734, 0.03329265117645264]"
587,ROI-0587,956,0.05555555555555555,0.06666666666666667,0.06666666666666667,3,0,0,3,153,144,810,1.0,1.0,3,"[{""ids"": [2, 216], ""points"": 3}]","[0.09999990463256836, 0.00464320182800293, 0.1700000762939453]"
588,ROI-0588,527,0.055222887558216895,0.05836849507735583,0.07777777777777778,17,0,2,15,707,681,85,1.0,1.0,46,"[{""ids"": [2, 33], ""points"": 15}]","[0.3499999940395355, 0.18000006675720215, 0.09390521049499512]"
589,ROI-0589,608,0.05490196078431373,0.05608974358974359,0.0640547263681592,36,2,1,33,1235,1143,1065,1.0,1.0,120,"[{""ids"": [57, 179], ""points"": 33}]","[0.43996572494506836, 0.0028536319732666016, 0.29999998211860657]"
590,ROI-0590,180,0.05482456140350877,0.05707762557077625,0.05434782608695652,15,0,0,15,790,744,765,1.0,1.0,125,"[{""ids"": [57, 179], ""points"": 15}]","[0.36999988555908203, 0.005469560623168945, 0.2499999850988388]"
591,ROI-0591,619,0.05434782608695652,0.05813953488372093,0.052941176470588235,9,0,0,9,625,609,505,1.0,1.0,99,"[{""ids"": [8, 28], ""points"": 7}, {""ids"": [14, 28], ""points"": 2}]","[0.12459301948547363, 0.12049925327301025, 0.19325906038284302]"
592,ROI-0592,1117,0.05434782608695652,0.060240963855421686,0.04716981132075472,5,0,0,5,450,445,75,1.0,1.0,52,"[{""ids"": [2, 33], ""points"": 5}]","[0.23999999463558197, 0.1083528995513916, 0.09151315689086914]"
593,ROI-0593,1234,0.05426356589147287,0.058333333333333334,0.058333333333333334,7,0,0,7,467,458,65,1.0,1.0,66,"[{""ids"": [2, 33], ""points"": 7}]","[0.09518897533416748, 0.24669432640075684, 0.09538781642913818]"
594,ROI-0594,612,0.05405405405405406,0.056818181818181816,0.06878306878306878,13,0,0,13,601,584,530,1.0,1.0,37,"[{""ids"": [2, 13], ""points"": 13}]","[0.309999942779541, 0.10000002384185791, 0.11604440212249756]"
595,ROI-0595,758,0.05392156862745098,0.05913978494623656,0.06140350877192982,7,0,0,7,468,452,730,1.0,1.0,69,"[{""ids"": [33, 223], ""points"": 7}]","[0.19000005722045898, 0.24000000953674316, 0.012608647346496582]"
596,ROI-0596,621,0.053763440860215055,0.05952380952380952,0.050505050505050504,5,0,0,5,403,393,550,1.0,1.0,45,"[{""ids"": [2, 33], ""points"": 5}]","[0.2199997901916504, 0.10287785530090332, 0.09592223167419434]"
597,ROI-0597,1154,0.053691275167785234,0.05714285714285714,0.056179775280898875,11,1,1,9,579,560,50,1.0,1.0,33,"[{""ids"": [33, 37], ""points"": 9}]","[0.1899999976158142, 0.28999999165534973, 0.011979341506958008]"
598,ROI-0598,643,0.05357142857142857,0.05614973262032086,0.05660377358490566,12,0,0,12,633,598,780,1.0,1.0,121,"[{""ids"": [57, 179], ""points"": 12}]","[0.309999942779541, 0.003698587417602539, 0.25999999046325684]"
599,ROI-0599,482,0.05354752342704149,0.05555555555555555,0.08,24,0,0,24,892,858,565,1.0,1.0,40,"[{""ids"": [2, 33], ""points"": 24}]","[0.44716787338256836, 0.10254848003387451, 0.10113441944122314]"
600,ROI-0600,719,0.05315315315315316,0.05587121212121212,0.051036682615629984,12,2,0,10,831,626,1675,1.0,1.0,132,"[{""ids"": [9, 18], ""points"": 10}]","[0.2191312313079834, 0.26389411091804504, 0.16493523120880127]"
601,ROI-0601,1142,0.052959501557632405,0.05782312925170068,0.056451612903225805,9,3,0,6,514,477,485,1.0,1.0,115,"[{""ids"": [7, 13], ""points"": 6}]","[0.2420719712972641, 0.19999998807907104, 0.02395045757293701]"
602,ROI-0602,376,0.05263157894736842,0.0546218487394958,0.05379746835443038,17,0,0,17,829,757,780,1.0,1.0,106,"[{""ids"": [57, 179], ""points"": 17}]","[0.38000011444091797, 0.0071125030517578125, 0.25999999046325684]"
603,ROI-0603,905,0.05263157894736842,0.055944055944055944,0.05844155844155844,9,0,0,9,538,528,720,1.0,1.0,170,"[{""ids"": [2, 13], ""points"": 9}]","[0.09525489807128906, 0.2799999713897705, 0.12002682685852051]"
604,ROI-0604,1034,0.05263157894736842,0.05714285714285714,0.05128205128205128,6,0,0,6,434,420,20,1.0,1.0,106,"[{""ids"": [2, 10], ""points"": 6}]","[0.23000000417232513, 0.014777779579162598, 0.1799999475479126]"
605,ROI-0605,655,0.05263157894736842,0.05813953488372093,0.06666666666666667,6,0,0,6,400,384,100,1.0,1.0,86,"[{""ids"": [2, 50], ""points"": 6}]","[0.17999997735023499, 0.0062062740325927734, 0.23000001907348633]"
606,ROI-0606,824,0.05263157894736842,0.06896551724137931,0.06896551724137931,2,0,0,2,153,149,1465,1.0,1.0,2,"[{""ids"": [2, 216], ""points"": 2}]","[0.17999982833862305, 0.003824472427368164, 0.12999999523162842]"
607,ROI-0607,925,0.05263157894736842,0.1,0.10416666666666667,5,5,0,0,99,26,935,1.0,1.0,37,[],"[0.09923934936523438, 0.07442831993103027, 0.06197023391723633]"
608,ROI-0608,644,0.05142857142857143,0.05421686746987952,0.08411214953271028,18,0,0,18,666,642,0,1.0,1.0,109,"[{""ids"": [2, 19], ""points"": 18}]","[0.023177683353424072, 0.1799999475479126, 0.3499999940395355]"
609,ROI-0609,803,0.05136986301369863,0.05474452554744526,0.07386363636363637,13,0,0,13,575,557,695,1.0,1.0,144,"[{""ids"": [33, 186], ""points"": 13}]","[0.17999982833862305, 0.2999999523162842, 0.022001147270202637]"
610,ROI-0610,678,0.05128205128205128,0.0784313725490196,0.07246376811594203,5,5,0,0,114,62,1875,0.25,0.25,1,[],"[0.10000014305114746, 0.05431199073791504, 0.071083664894104]"
611,ROI-0611,460,0.05084745762711865,0.05286343612334802,0.05286343612334802,12,0,0,12,659,627,760,1.0,1.0,126,"[{""ids"": [57, 179], ""points"": 12}]","[0.25, 0.003368854522705078, 0.3199999928474426]"
612,ROI-0612,801,0.05084745762711865,0.06,0.06,3,0,0,3,180,172,1510,1.0,1.0,3,"[{""ids"": [2, 182], ""points"": 3}]","[0.0022897720336914062, 0.10000002384185791, 0.21999996900558472]"
613,ROI-0613,327,0.05077262693156733,0.0539906103286385,0.0539906103286385,9,1,2,6,455,432,1760,0.8888888888888888,1.0,32,"[{""ids"": [13, 390], ""points"": 2}, {""ids"": [13, 182], ""points"": 1}, {""ids"": [13, 679], ""points"": 1}, {""ids"": [13, 682], ""points"": 1}]","[0.34999990463256836, 0.2199999988079071, 0.007087111473083496]"
614,ROI-0614,1033,0.05063291139240506,0.053691275167785234,0.08465608465608465,16,0,0,16,654,634,1165,1.0,1.0,111,"[{""ids"": [2, 33], ""points"": 16}]","[0.302004337310791, 0.1400001049041748, 0.09882307052612305]"
615,ROI-0615,597,0.05041152263374486,0.05337690631808279,0.048417132216014895,10,2,0,8,565,555,735,1.0,1.0,46,"[{""ids"": [33, 226], ""points"": 8}]","[0.23511075973510742, 0.23859906196594238, 0.00782620906829834]"
616,ROI-0616,861,0.05018939393939394,0.05289421157684631,0.046610169491525424,11,0,0,11,875,855,785,1.0,1.0,124,"[{""ids"": [77, 80], ""points"": 11}]","[0.2200000286102295, 0.2799999713897705, 0.17276132106781006]"
617,ROI-0617,829,0.05,0.05405405405405406,0.05405405405405406,6,0,0,6,461,452,35,1.0,1.0,63,"[{""ids"": [33, 37], ""points"": 6}]","[0.1899999976158142, 0.25999999046325684, 0.005352497100830078]"
618,ROI-0618,918,0.04912280701754386,0.05426356589147287,0.05925925925925926,8,0,0,8,491,481,635,1.0,1.0,59,"[{""ids"": [33, 195], ""points"": 8}]","[0.25, 0.17999999225139618, 0.0059195756912231445]"
619,ROI-0619,1035,0.049079754601226995,0.05194805194805195,0.049689440993788817,8,0,0,8,528,500,775,1.0,1.0,103,"[{""ids"": [57, 179], ""points"": 8}]","[0.23999977111816406, 0.0025098323822021484, 0.2800000011920929]"
620,ROI-0620,669,0.04868913857677903,0.050387596899224806,0.05204460966542751,14,0,0,14,742,714,755,1.0,1.0,130,"[{""ids"": [57, 179], ""points"": 14}]","[0.2800002098083496, 0.0178377628326416, 0.2800000011920929]"
621,ROI-0621,262,0.04864864864864865,0.05113636363636364,0.05263157894736842,20,10,10,0,753,697,375,0.2777777777777778,0.3888888888888889,59,[],"[0.19326138496398926, 0.24000000953674316, 0.12038826942443848]"
622,ROI-0622,886,0.04857142857142857,0.05120481927710843,0.052884615384615384,11,0,0,11,631,605,760,1.0,1.0,124,"[{""ids"": [57, 179], ""points"": 11}]","[0.309999942779541, 0.003319263458251953, 0.2499999850988388]"
623,ROI-0623,1024,0.04782608695652174,0.05188679245283019,0.049586776859504134,6,0,0,6,444,423,765,1.0,1.0,125,"[{""ids"": [57, 179], ""points"": 6}]","[0.25, 0.003598928451538086, 0.20999997854232788]"
624,ROI-0624,953,0.047619047619047616,0.05555555555555555,0.041666666666666664,3,0,0,3,352,343,80,1.0,1.0,47,"[{""ids"": [2, 33], ""points"": 3}]","[0.20000000298023224, 0.10795378684997559, 0.09259343147277832]"
625,ROI-0625,680,0.047619047619047616,0.05555555555555555,0.05555555555555555,3,0,0,3,261,251,905,1.0,1.0,10,"[{""ids"": [2, 216], ""points"": 3}]","[0.1699998378753662, 0.0074558258056640625, 0.20000004768371582]"
626,ROI-0626,1278,0.047619047619047616,0.08333333333333333,0.06666666666666667,1,0,0,1,79,48,925,1.0,1.0,3,"[{""ids"": [13, 216], ""points"": 1}]","[0.04999995231628418, 0.10530805587768555, 0.04282653331756592]"
627,ROI-0627,893,0.04726368159203981,0.05459770114942529,0.06666666666666667,6,0,3,3,251,236,1570,0.8,1.0,3,"[{""ids"": [2, 216], ""points"": 3}]","[0.2799997329711914, 0.0031838417053222656, 0.09999996423721313]"
628,ROI-0628,470,0.046954314720812185,0.04920212765957447,0.06256742179072276,21,1,3,17,804,770,545,1.0,1.0,137,"[{""ids"": [2, 12], ""points"": 17}]","[0.36999988555908203, 0.04842686653137207, 0.19999998807907104]"
629,ROI-0629,587,0.046875,0.05454545454545454,0.047619047619047616,3,0,0,3,357,335,715,1.0,1.0,91,"[{""ids"": [33, 210], ""points"": 3}]","[0.19000005722045898, 0.19000005722045898, 0.014983415603637695]"
630,ROI-0630,586,0.04678362573099415,0.05555555555555555,0.05555555555555555,3,0,1,2,142,139,1490,1.0,1.0,11,"[{""ids"": [2, 162], ""points"": 2}]","[0.15999984741210938, 0.0024067163467407227, 0.12000000476837158]"
631,ROI-0631,472,0.04666666666666667,0.04912280701754386,0.05721393034825871,29,17,7,5,722,675,680,0.55,0.55,151,"[{""ids"": [2, 12], ""points"": 5}]","[0.28999996185302734, 0.056439876556396484, 0.2199999988079071]"
632,ROI-0632,1091,0.04656862745098039,0.04871794871794872,0.045454545454545456,10,0,0,10,671,644,755,1.0,1.0,136,"[{""ids"": [57, 179], ""points"": 10}]","[0.26999998092651367, 0.02094554901123047, 0.2800000011920929]"
633,ROI-0633,1210,0.04656862745098039,0.05367231638418079,0.05555555555555555,6,2,4,0,230,213,1230,1.0,1.0,7,[],"[0.21047210693359375, 0.12000000476837158, 0.05063295364379883]"
634,ROI-0634,823,0.046511627906976744,0.05194805194805195,0.047619047619047616,4,0,0,4,403,393,710,1.0,1.0,43,"[{""ids"": [33, 195], ""points"": 4}]","[0.18000006675720215, 0.23796820640563965, 0.011115431785583496]"
635,ROI-0635,1224,0.04597701149425287,0.05128205128205128,0.05128205128205128,4,0,0,4,368,335,835,1.0,1.0,144,"[{""ids"": [2, 186], ""points"": 4}]","[0.19733810424804688, 0.19999995827674866, 0.026406288146972656]"
636,ROI-0636,516,0.04581529581529581,0.047194351542177625,0.04878048780487805,52,51,0,1,993,909,1880,0.023255813953488372,0.023255813953488372,19,"[{""ids"": [80, 216], ""points"": 1}]","[0.21000003814697266, 0.11135530471801758, 0.35250985622406006]"
637,ROI-0637,629,0.045454545454545456,0.05063291139240506,0.04938271604938271,4,0,0,4,385,379,655,1.0,1.0,47,"[{""ids"": [33, 195], ""points"": 4}]","[0.18062829971313477, 0.2200000286102295, 0.010415434837341309]"
638,ROI-0638,839,0.045454545454545456,0.051470588235294115,0.0449438202247191,4,0,0,4,393,387,630,1.0,1.0,106,"[{""ids"": [2, 13], ""points"": 4}]","[0.20000028610229492, 0.10204708576202393, 0.11275184154510498]"
639,ROI-0639,428,0.045454545454545456,0.05063291139240506,0.06267806267806268,8,0,2,6,418,406,1400,1.0,1.0,118,"[{""ids"": [2, 12], ""points"": 6}]","[0.2199997901916504, 0.0452347993850708, 0.17000001668930054]"
640,ROI-0640,1346,0.045454545454545456,0.07692307692307693,0.06666666666666667,1,0,0,1,61,40,1735,1.0,1.0,4,"[{""ids"": [14, 28], ""points"": 1}]","[0.06628966331481934, 0.03999999165534973, 0.054007530212402344]"
641,ROI-0641,649,0.045454545454545456,0.05714285714285714,0.05128205128205128,2,0,0,2,146,143,1640,1.0,1.0,3,"[{""ids"": [2, 13], ""points"": 1}, {""ids"": [13, 216], ""points"": 1}]","[0.08999991416931152, 0.08056640625, 0.10286903381347656]"
642,ROI-0642,940,0.045081967213114756,0.048672566371681415,0.05172413793103448,6,0,0,6,519,510,610,1.0,1.0,179,"[{""ids"": [2, 179], ""points"": 6}]","[0.13397550582885742, 0.06832218170166016, 0.24624115228652954]"
643,ROI-0643,734,0.04477611940298507,0.05172413793103448,0.04477611940298507,3,0,0,3,335,311,1155,1.0,1.0,71,"[{""ids"": [33, 210], ""points"": 3}]","[0.19000005722045898, 0.1945054531097412, 0.011469364166259766]"
644,ROI-0644,532,0.044662309368191724,0.047453703703703706,0.0446927374301676,8,0,0,8,514,506,0,1.0,1.0,108,"[{""ids"": [2, 21], ""points"": 8}]","[0.0215645432472229, 0.23999997973442078, 0.23999997973442078]"
645,ROI-0645,869,0.044444444444444446,0.047619047619047616,0.047619047619047616,6,0,0,6,524,515,610,1.0,1.0,185,"[{""ids"": [2, 179], ""points"": 6}]","[0.13529539108276367, 0.06115615367889404, 0.28999999165534973]"
646,ROI-0646,588,0.04424778761061947,0.04807692307692308,0.04807692307692308,5,0,0,5,423,415,0,1.0,1.0,61,"[{""ids"": [13, 15], ""points"": 5}]","[0.18000006675720215, 0.23999999463558197, 0.017630815505981445]"
647,ROI-0647,615,0.04419889502762431,0.046511627906976744,0.046511627906976744,8,0,0,8,555,523,760,1.0,1.0,130,"[{""ids"": [57, 179], ""points"": 8}]","[0.2800002098083496, 0.010845422744750977, 0.22999995946884155]"
648,ROI-0648,471,0.04396728016359919,0.0452155625657203,0.06228610540725531,38,6,11,21,1133,1078,785,1.0,1.0,146,"[{""ids"": [2, 12], ""points"": 21}]","[0.5100002288818359, 0.05391407012939453, 0.1899999976158142]"
649,ROI-0649,805,0.04375,0.04929577464788732,0.06097560975609756,5,0,0,5,376,365,715,1.0,1.0,98,"[{""ids"": [33, 210], ""points"": 5}]","[0.19999980926513672, 0.213844895362854, 0.012737512588500977]"
650,ROI-0650,705,0.043478260869565216,0.04819277108433735,0.05154639175257732,5,0,0,5,486,470,785,1.0,1.0,91,"[{""ids"": [77, 80], ""points"": 5}]","[0.11779260635375977, 0.22107696533203125, 0.11278706789016724]"
651,ROI-0651,1078,0.04333333333333334,0.052845528455284556,0.05333333333333334,3,0,1,2,192,184,1570,1.0,1.0,2,"[{""ids"": [2, 216], ""points"": 2}]","[0.23000001907348633, 0.004252195358276367, 0.0899999737739563]"
652,ROI-0652,794,0.043209876543209874,0.0457516339869281,0.0446927374301676,11,4,1,6,612,598,755,1.0,1.0,103,"[{""ids"": [14, 28], ""points"": 6}]","[0.26161694526672363, 0.15370802581310272, 0.09436988830566406]"
653,ROI-0653,362,0.0430327868852459,0.04468085106382979,0.06756756756756757,20,0,0,20,867,813,70,1.0,1.0,40,"[{""ids"": [2, 39], ""points"": 20}]","[0.3900001049041748, 0.0957404375076294, 0.11890041828155518]"
654,ROI-0654,982,0.043010752688172046,0.047619047619047616,0.054945054945054944,5,0,0,5,395,385,35,1.0,1.0,56,"[{""ids"": [33, 37], ""points"": 5}]","[0.17999999225139618, 0.24000000953674316, 0.004795432090759277]"
655,ROI-0655,706,0.04294478527607362,0.045454545454545456,0.07216494845360824,14,0,0,14,604,590,495,1.0,1.0,71,"[{""ids"": [2, 12], ""points"": 14}]","[0.1700000762939453, 0.04705202579498291, 0.3100000023841858]"
656,ROI-0656,1288,0.04285714285714286,0.057692307692307696,0.075,3,0,0,3,168,165,1055,1.0,1.0,10,"[{""ids"": [2, 14], ""points"": 3}]","[0.19999980926513672, 0.0037071704864501953, 0.0899999737739563]"
657,ROI-0657,447,0.04273504273504273,0.05555555555555555,0.041666666666666664,2,0,1,1,168,164,1520,1.0,1.0,3,"[{""ids"": [2, 216], ""points"": 1}]","[0.19000005722045898, 0.0049936771392822266, 0.12999999523162842]"
658,ROI-0658,752,0.042682926829268296,0.04794520547945205,0.044444444444444446,4,0,0,4,372,356,760,1.0,1.0,126,"[{""ids"": [57, 179], ""points"": 4}]","[0.21000003814697266, 0.0027816295623779297, 0.21000000834465027]"
659,ROI-0659,989,0.0425531914893617,0.047058823529411764,0.044444444444444446,4,0,0,4,405,396,720,1.0,1.0,42,"[{""ids"": [33, 195], ""points"": 4}]","[0.18000006675720215, 0.21999990940093994, 0.007276773452758789]"
660,ROI-0660,875,0.04242424242424243,0.050724637681159424,0.04964539007092199,3,0,2,1,197,162,225,1.0,1.0,7,"[{""ids"": [1, 13], ""points"": 1}]","[0.21029233932495117, 0.09999996423721313, 0.025970458984375]"
661,ROI-0661,509,0.04204204204204204,0.055555555555555546,0.05185185185185185,3,0,2,1,189,183,1530,1.0,1.0,2,"[{""ids"": [13, 172], ""points"": 1}]","[0.20000028610229492, 0.15999996662139893, 0.004722714424133301]"
662,ROI-0662,1232,0.04190476190476191,0.04417670682730924,0.06511627906976744,14,0,0,14,740,708,10,1.0,1.0,118,"[{""ids"": [2, 11], ""points"": 14}]","[0.3299999237060547, 0.06136035919189453, 0.1899999976158142]"
663,ROI-0663,1030,0.041666666666666664,0.049019607843137254,0.036585365853658534,3,0,0,3,454,424,770,1.0,1.0,119,"[{""ids"": [57, 179], ""points"": 3}]","[0.20000028610229492, 0.0015883445739746094, 0.20444171130657196]"
664,ROI-0664,1127,0.041666666666666664,0.047619047619047616,0.047619047619047616,3,0,0,3,383,374,0,1.0,1.0,118,"[{""ids"": [10, 13], ""points"": 3}]","[0.19999998807907104, 0.08857083320617676, 0.11085224151611328]"
665,ROI-0665,451,0.041666666666666664,0.047619047619047616,0.041666666666666664,3,0,0,3,352,344,25,1.0,1.0,83,"[{""ids"": [2, 33], ""points"": 3}]","[0.10451489686965942, 0.19999998807907104, 0.0930783748626709]"
666,ROI-0666,605,0.041666666666666664,0.044715447154471545,0.052083333333333336,10,0,0,10,601,583,755,1.0,1.0,70,"[{""ids"": [33, 223], ""points"": 10}]","[0.25667762756347656, 0.27828431129455566, 0.012608647346496582]"
667,ROI-0667,1294,0.0410958904109589,0.046875,0.037037037037037035,3,0,0,3,494,452,590,1.0,1.0,156,"[{""ids"": [13, 14], ""points"": 3}]","[0.19422245025634766, 0.17485181987285614, 0.1107168197631836]"
668,ROI-0668,996,0.0410958904109589,0.046875,0.046875,3,0,0,3,210,207,1290,1.0,1.0,7,"[{""ids"": [2, 14], ""points"": 3}]","[0.24000000953674316, 0.0017921924591064453, 0.0899999737739563]"
669,ROI-0669,974,0.04071246819338422,0.04371584699453552,0.03910614525139665,7,0,0,7,633,618,915,1.0,1.0,64,"[{""ids"": [80, 216], ""points"": 7}]","[0.08666396141052246, 0.21000003814697266, 0.21999996900558472]"
670,ROI-0670,299,0.040697674418604654,0.045454545454545456,0.038834951456310676,4,0,0,4,366,357,735,1.0,1.0,119,"[{""ids"": [2, 33], ""points"": 4}]","[0.13253307342529297, 0.13337063789367676, 0.09935474395751953]"
671,ROI-0671,614,0.04054054054054054,0.04316546762589928,0.04419889502762431,8,0,0,8,619,565,765,1.0,1.0,129,"[{""ids"": [57, 179], ""points"": 8}]","[0.32000017166137695, 0.016088008880615234, 0.2199999988079071]"
672,ROI-0672,1291,0.04054054054054054,0.046153846153846156,0.03614457831325301,3,0,0,3,404,394,830,1.0,1.0,25,"[{""ids"": [2, 33], ""points"": 3}]","[0.20000004768371582, 0.18000006675720215, 0.015003204345703125]"
673,ROI-0673,738,0.04040404040404041,0.044444444444444446,0.041237113402061855,4,0,0,4,407,397,30,1.0,1.0,87,"[{""ids"": [2, 33], ""points"": 4}]","[0.10141438245773315, 0.23000001907348633, 0.09216773509979248]"
674,ROI-0674,1289,0.04022988505747126,0.047619047619047616,0.045454545454545456,3,0,0,3,349,340,15,1.0,1.0,97,"[{""ids"": [10, 19], ""points"": 3}]","[0.18000000715255737, 0.011316299438476562, 0.19999998807907104]"
675,ROI-0675,358,0.04,0.04395604395604396,0.043010752688172046,4,0,0,4,405,390,0,1.0,1.0,70,"[{""ids"": [13, 15], ""points"": 4}]","[0.19000005722045898, 0.2124120444059372, 0.01845228672027588]"
676,ROI-0676,1265,0.04,0.04878048780487805,0.043478260869565216,2,0,0,2,191,189,645,1.0,1.0,20,"[{""ids"": [13, 14], ""points"": 2}]","[0.19999980926513672, 0.09999999403953552, 0.015010356903076172]"
677,ROI-0677,1347,0.04,0.0625,0.05263157894736842,1,0,0,1,76,50,1735,1.0,1.0,4,"[{""ids"": [14, 28], ""points"": 1}]","[0.0562896728515625, 0.04351875185966492, 0.06905925273895264]"
678,ROI-0678,1164,0.039473684210526314,0.04285714285714286,0.044642857142857144,5,0,0,5,463,456,610,1.0,1.0,201,"[{""ids"": [2, 179], ""points"": 5}]","[0.13616561889648438, 0.05975925922393799, 0.26999998092651367]"
679,ROI-0679,1083,0.03940886699507389,0.041237113402061855,0.04239766081871345,28,27,1,0,700,648,1910,0.2,0.24,96,[],"[0.19242143630981445, 0.21000003814697266, 0.16242647171020508]"
680,ROI-0680,778,0.03937007874015748,0.0423728813559322,0.04,5,0,0,5,460,447,765,1.0,1.0,119,"[{""ids"": [57, 179], ""points"": 5}]","[0.26000022888183594, 0.002181529998779297, 0.20999999344348907]"
681,ROI-0681,1122,0.0392156862745098,0.043010752688172046,0.043010752688172046,4,0,0,4,385,370,755,1.0,1.0,130,"[{""ids"": [57, 179], ""points"": 4}]","[0.21000003814697266, 0.0047168731689453125, 0.21000000834465027]"
682,ROI-0682,1183,0.0392156862745098,0.047619047619047616,0.045454545454545456,2,0,0,2,188,186,1685,1.0,1.0,20,"[{""ids"": [13, 14], ""points"": 2}]","[0.09896421432495117, 0.18999998271465302, 0.00527346134185791]"
683,ROI-0683,1329,0.0392156862745098,0.047619047619047616,0.047619047619047616,3,1,1,1,175,165,1495,0.3333333333333333,0.3333333333333333,3,"[{""ids"": [13, 14], ""points"": 1}]","[0.1399998664855957, 0.1899999976158142, 0.0035322904586791992]"
684,ROI-0684,1189,0.0391304347826087,0.04245283018867924,0.04504504504504504,5,0,0,5,470,440,735,1.0,1.0,141,"[{""ids"": [172, 187], ""points"": 5}]","[0.22733259201049805, 0.1600000262260437, 0.08429628610610962]"
685,ROI-0685,872,0.03896103896103896,0.04411764705882353,0.04,3,0,0,3,342,320,775,1.0,1.0,103,"[{""ids"": [57, 179], ""points"": 3}]","[0.19000005722045898, 0.0018830299377441406, 0.20999997854232788]"
686,ROI-0686,639,0.03896103896103896,0.04411764705882353,0.03529411764705882,3,0,0,3,408,404,110,1.0,1.0,95,"[{""ids"": [2, 13], ""points"": 3}]","[0.19999995827674866, 0.1026613712310791, 0.12086975574493408]"
687,ROI-0687,351,0.03888888888888889,0.03980752405949256,0.05128205128205128,30,11,2,17,1018,964,0,0.5862068965517241,0.5862068965517241,115,"[{""ids"": [2, 19], ""points"": 14}, {""ids"": [10, 19], ""points"": 3}]","[0.24000000953674316, 0.07324576377868652, 0.36000001430511475]"
688,ROI-0688,601,0.03859649122807017,0.040515653775322284,0.05238095238095238,11,0,0,11,613,582,775,1.0,1.0,120,"[{""ids"": [57, 179], ""points"": 11}]","[0.25999975204467773, 0.002655029296875, 0.22999998927116394]"
689,ROI-0689,1081,0.038461538461538464,0.058823529411764705,0.05,1,0,0,1,90,89,510,1.0,1.0,2,"[{""ids"": [1, 13], ""points"": 1}]","[0.09000003337860107, 0.12999999523162842, 0.0032558441162109375]"
690,ROI-0690,598,0.03825136612021858,0.040229885057471264,0.07174887892376682,16,0,0,16,727,700,800,1.0,1.0,52,"[{""ids"": [2, 33], ""points"": 14}, {""ids"": [2, 186], ""points"": 2}]","[0.3899998664855957, 0.19000005722045898, 0.0138322114944458]"
691,ROI-0691,295,0.03821656050955414,0.04054054054054054,0.033707865168539325,6,0,0,6,643,629,740,1.0,1.0,169,"[{""ids"": [216, 225], ""points"": 6}]","[0.2241830825805664, 0.25, 0.10722428560256958]"
692,ROI-0692,633,0.03821656050955414,0.04054054054054054,0.04054054054054054,6,0,0,6,527,501,755,1.0,1.0,125,"[{""ids"": [57, 179], ""points"": 6}]","[0.2578740119934082, 0.008333683013916016, 0.23999999463558197]"
693,ROI-0693,735,0.03809523809523809,0.05128205128205128,0.043010752688172046,2,0,2,0,154,152,240,1.0,1.0,2,[],"[0.10000002384185791, 0.16999998688697815, 0.00779271125793457]"
694,ROI-0694,1037,0.0379746835443038,0.040268456375838924,0.038461538461538464,6,0,0,6,531,509,765,1.0,1.0,124,"[{""ids"": [57, 179], ""points"": 6}]","[0.26999998092651367, 0.003432750701904297, 0.23999999463558197]"
695,ROI-0695,1094,0.0379746835443038,0.04285714285714286,0.04285714285714286,3,0,0,3,338,318,760,1.0,1.0,127,"[{""ids"": [57, 179], ""points"": 3}]","[0.21000003814697266, 0.0025594234466552734, 0.17999999225139618]"
696,ROI-0696,889,0.0379746835443038,0.04285714285714286,0.03409090909090909,3,0,0,3,378,367,765,1.0,1.0,119,"[{""ids"": [57, 179], ""points"": 3}]","[0.23000001907348633, 0.0021462440490722656, 0.1899999976158142]"
697,ROI-0697,799,0.0379746835443038,0.04285714285714286,0.0379746835443038,3,0,0,3,363,350,70,1.0,1.0,87,"[{""ids"": [2, 50], ""points"": 3}]","[0.1900000274181366, 0.007230043411254883, 0.19999998807907104]"
698,ROI-0698,768,0.03787878787878788,0.03968253968253968,0.038834951456310676,8,0,0,8,661,648,60,1.0,1.0,92,"[{""ids"": [2, 13], ""points"": 8}]","[0.2200000286102295, 0.2222609519958496, 0.11378145217895508]"
699,ROI-0699,944,0.037844891871737514,0.03902345251826221,0.039452495974235106,17,1,0,16,1181,1160,310,1.0,1.0,110,"[{""ids"": [8, 14], ""points"": 16}]","[0.28999996185302734, 0.22999998927116394, 0.23497527837753296]"
700,ROI-0700,868,0.037815126050420166,0.04090909090909091,0.03875968992248062,5,0,0,5,468,433,775,1.0,1.0,123,"[{""ids"": [57, 179], ""points"": 5}]","[0.20999956130981445, 0.009651422500610352, 0.25]"
701,ROI-0701,266,0.0375,0.039735099337748346,0.039735099337748346,6,0,0,6,551,541,0,1.0,1.0,72,"[{""ids"": [2, 13], ""points"": 6}]","[0.2799999713897705, 0.10132598876953125, 0.11598742008209229]"
702,ROI-0702,695,0.03728070175438596,0.039627039627039624,0.03872053872053872,8,0,1,7,698,681,995,1.0,1.0,75,"[{""ids"": [13, 80], ""points"": 7}]","[0.2921738624572754, 0.12036728858947754, 0.09636592864990234]"
703,ROI-0703,977,0.037037037037037035,0.04040404040404041,0.03773584905660377,4,0,0,4,410,389,770,1.0,1.0,124,"[{""ids"": [57, 179], ""points"": 4}]","[0.23000001907348633, 0.00739288330078125, 0.2199999988079071]"
704,ROI-0704,965,0.0368421052631579,0.040697674418604654,0.02962962962962963,4,0,0,4,574,559,560,1.0,1.0,195,"[{""ids"": [14, 160], ""points"": 4}]","[0.24000024795532227, 0.17000000178813934, 0.10241782665252686]"
705,ROI-0705,922,0.03669724770642202,0.04,0.043859649122807015,5,0,0,5,471,460,755,1.0,1.0,135,"[{""ids"": [216, 225], ""points"": 5}]","[0.13168621063232422, 0.1550922393798828, 0.13649016618728638]"
706,ROI-0706,563,0.036036036036036036,0.047619047619047616,0.041666666666666664,2,0,2,0,148,146,525,1.0,1.0,2,[],"[0.14999985694885254, 0.0037113428115844727, 0.12999999523162842]"
707,ROI-0707,764,0.03571428571428571,0.04,0.043010752688172046,4,0,0,4,450,441,730,1.0,1.0,195,"[{""ids"": [216, 225], ""points"": 4}]","[0.1864476203918457, 0.141709566116333, 0.09700638055801392]"
708,ROI-0708,909,0.03571428571428571,0.03932584269662921,0.05982905982905983,7,0,0,7,440,424,0,1.0,1.0,109,"[{""ids"": [2, 19], ""points"": 7}]","[0.020848989486694336, 0.1799999475479126, 0.23999999463558197]"
709,ROI-0709,589,0.035326086956521736,0.037142857142857144,0.05286343612334802,12,0,0,12,692,677,1345,1.0,1.0,81,"[{""ids"": [2, 13], ""points"": 12}]","[0.34999990463256836, 0.09829092025756836, 0.11538958549499512]"
710,ROI-0710,843,0.03529411764705882,0.039473684210526314,0.039473684210526314,3,0,0,3,355,320,750,1.0,1.0,108,"[{""ids"": [57, 179], ""points"": 3}]","[0.19999980926513672, 0.010768651962280273, 0.19999998807907104]"
711,ROI-0711,968,0.03529411764705882,0.039473684210526314,0.046511627906976744,4,0,0,4,407,399,30,1.0,1.0,86,"[{""ids"": [2, 33], ""points"": 4}]","[0.10060286521911621, 0.22999995946884155, 0.09806406497955322]"
712,ROI-0712,526,0.03529411764705882,0.039473684210526314,0.031914893617021274,3,0,0,3,381,358,460,0.6666666666666666,1.0,3,"[{""ids"": [2, 18], ""points"": 3}]","[0.19270658493041992, 0.009097695350646973, 0.21999996900558472]"
713,ROI-0713,1319,0.03508771929824561,0.041666666666666664,0.03278688524590164,2,0,0,2,264,251,990,1.0,1.0,4,"[{""ids"": [2, 13], ""points"": 1}, {""ids"": [2, 322], ""points"": 1}]","[0.18456196784973145, 0.06143975257873535, 0.1137702465057373]"
714,ROI-0714,699,0.035,0.038461538461538464,0.05982905982905983,7,0,0,7,446,435,0,1.0,1.0,109,"[{""ids"": [2, 19], ""points"": 7}]","[0.01916372776031494, 0.1799999475479126, 0.23999999463558197]"
715,ROI-0715,1012,0.03488372093023256,0.03896103896103896,0.03409090909090909,3,0,0,3,393,389,595,1.0,1.0,103,"[{""ids"": [2, 33], ""points"": 3}]","[0.2200002670288086, 0.10488569736480713, 0.09465014934539795]"
716,ROI-0716,322,0.034832451499118164,0.03657407407407407,0.05138339920948617,13,0,0,13,714,691,585,1.0,1.0,97,"[{""ids"": [2, 12], ""points"": 13}]","[0.34131622314453125, 0.05203557014465332, 0.16999995708465576]"
717,ROI-0717,1052,0.034722222222222224,0.03968253968253968,0.038461538461538464,3,0,0,3,398,388,0,1.0,1.0,119,"[{""ids"": [10, 19], ""points"": 2}, {""ids"": [10, 13], ""points"": 1}]","[0.20823024213314056, 0.10001754760742188, 0.12034761905670166]"
718,ROI-0718,583,0.034653465346534656,0.03804347826086957,0.0661764705882353,9,0,0,9,485,471,500,1.0,1.0,57,"[{""ids"": [2, 12], ""points"": 9}]","[0.16000008583068848, 0.05016326904296875, 0.25999999046325684]"
719,ROI-0719,862,0.03431372549019608,0.03954802259887006,0.043478260869565216,3,0,0,3,335,331,550,1.0,1.0,30,"[{""ids"": [2, 33], ""points"": 3}]","[0.19999980926513672, 0.10654842853546143, 0.09185302257537842]"
720,ROI-0720,660,0.03378787878787878,0.03522906793048973,0.04516129032258064,14,0,0,14,834,820,555,1.0,1.0,93,"[{""ids"": [2, 12], ""points"": 14}]","[0.39999985694885254, 0.04848134517669678, 0.1799999475479126]"
721,ROI-0721,668,0.03376205787781351,0.0347682119205298,0.05737704918032787,21,0,0,21,939,918,540,1.0,1.0,70,"[{""ids"": [2, 12], ""points"": 21}]","[0.440000057220459, 0.05158507823944092, 0.16999995708465576]"
722,ROI-0722,993,0.033707865168539325,0.0375,0.0375,3,0,0,3,354,340,755,1.0,1.0,128,"[{""ids"": [57, 179], ""points"": 3}]","[0.21000003814697266, 0.0040013790130615234, 0.19999998807907104]"
723,ROI-0723,943,0.03361344537815126,0.03636363636363636,0.056338028169014086,8,0,0,8,512,502,710,1.0,1.0,136,"[{""ids"": [33, 186], ""points"": 8}]","[0.19000005722045898, 0.26999998092651367, 0.022567272186279297]"
724,ROI-0724,774,0.03333333333333333,0.037037037037037035,0.037037037037037035,3,0,0,3,363,359,120,1.0,1.0,93,"[{""ids"": [2, 13], ""points"": 3}]","[0.20000004768371582, 0.0876777172088623, 0.11856508255004883]"
725,ROI-0725,477,0.03333333333333333,0.036036036036036036,0.028368794326241134,4,0,0,4,530,521,860,1.0,1.0,20,"[{""ids"": [2, 33], ""points"": 4}]","[0.25, 0.17999982833862305, 0.014510393142700195]"
726,ROI-0726,1243,0.03333333333333333,0.037037037037037035,0.0449438202247191,4,0,0,4,388,373,70,1.0,1.0,85,"[{""ids"": [2, 50], ""points"": 4}]","[0.1900000274181366, 0.00720667839050293, 0.21000003814697266]"
727,ROI-0727,552,0.03333333333333333,0.03755868544600939,0.0365296803652968,3,0,1,2,343,310,795,1.0,1.0,68,"[{""ids"": [33, 210], ""points"": 2}]","[0.19000005722045898, 0.18999981880187988, 0.010607123374938965]"
728,ROI-0728,1171,0.03333333333333333,0.04065040650406504,0.04065040650406504,2,0,1,1,192,187,1215,1.0,1.0,8,"[{""ids"": [13, 216], ""points"": 1}]","[0.1700000762939453, 0.1699998378753662, 0.0032690763473510742]"
729,ROI-0729,1311,0.033068783068783074,0.03561253561253561,0.046296296296296294,7,0,1,6,544,535,1750,1.0,1.0,50,"[{""ids"": [13, 322], ""points"": 6}]","[0.2123565673828125, 0.23000001907348633, 0.09318935871124268]"
730,ROI-0730,520,0.03278688524590164,0.035398230088495575,0.035398230088495575,4,0,0,4,434,410,760,1.0,1.0,127,"[{""ids"": [57, 179], ""points"": 4}]","[0.24000024795532227, 0.004415273666381836, 0.2199999988079071]"
731,ROI-0731,688,0.03278688524590164,0.038461538461538464,0.04285714285714286,3,0,0,3,330,313,765,1.0,1.0,100,"[{""ids"": [57, 179], ""points"": 3}]","[0.18999958038330078, 0.0017349720001220703, 0.19999998807907104]"
732,ROI-0732,638,0.032520325203252036,0.03508771929824561,0.034482758620689655,4,0,0,4,477,472,110,1.0,1.0,95,"[{""ids"": [2, 13], ""points"": 4}]","[0.23000001907348633, 0.10245919227600098, 0.12098491191864014]"
733,ROI-0733,1333,0.03225806451612903,0.03571428571428571,0.03571428571428571,3,0,0,3,366,353,765,1.0,1.0,121,"[{""ids"": [57, 179], ""points"": 3}]","[0.19999980926513672, 0.0021789073944091797, 0.21000000834465027]"
734,ROI-0734,863,0.03225806451612903,0.03571428571428571,0.056,7,0,0,7,475,464,30,1.0,1.0,74,"[{""ids"": [2, 33], ""points"": 7}]","[0.26999998092651367, 0.09654200077056885, 0.09668362140655518]"
735,ROI-0735,693,0.0322061191626409,0.03445305770887166,0.03488372093023256,13,9,3,1,549,450,1340,0.45454545454545453,0.7272727272727273,212,"[{""ids"": [215, 218], ""points"": 1}]","[0.23000001907348633, 0.11139273643493652, 0.08822834491729736]"
736,ROI-0736,565,0.032051282051282055,0.03875968992248062,0.043209876543209874,4,2,1,1,229,211,1500,1.0,1.0,3,"[{""ids"": [13, 545], ""points"": 1}]","[0.18327856063842773, 0.2103496789932251, 0.01528310775756836]"
737,ROI-0737,1190,0.03205128205128205,0.036231884057971016,0.056910569105691054,5,0,1,4,390,355,1455,1.0,1.0,142,"[{""ids"": [2, 186], ""points"": 4}]","[0.19226360321044922, 0.1899999976158142, 0.031336069107055664]"
738,ROI-0738,981,0.031746031746031744,0.037037037037037035,0.03225806451612903,2,0,0,2,336,313,755,1.0,1.0,123,"[{""ids"": [57, 179], ""points"": 2}]","[0.19000005722045898, 0.017216205596923828, 0.1899999976158142]"
739,ROI-0739,1147,0.031746031746031744,0.05555555555555555,0.037037037037037035,2,2,0,0,68,35,755,1.0,1.0,114,[],"[0.07697868347167969, 0.10071289539337158, 0.05219978094100952]"
740,ROI-0740,1093,0.03125,0.034482758620689655,0.034482758620689655,3,0,0,3,375,347,775,1.0,1.0,122,"[{""ids"": [57, 179], ""points"": 3}]","[0.20000028610229492, 0.007919788360595703, 0.22246503829956055]"
741,ROI-0741,1302,0.03125,0.03636363636363636,0.03076923076923077,2,0,0,2,362,313,1040,1.0,1.0,72,"[{""ids"": [179, 186], ""points"": 2}]","[0.1104884147644043, 0.18999998271465302, 0.10663244128227234]"
742,ROI-0742,816,0.03125,0.034482758620689655,0.02727272727272727,3,0,0,3,410,407,495,1.0,1.0,71,"[{""ids"": [2, 12], ""points"": 3}]","[0.21000003814697266, 0.04543030261993408, 0.1899999976158142]"
743,ROI-0743,810,0.030973451327433628,0.03365384615384615,0.03125,4,0,0,4,475,448,765,1.0,1.0,120,"[{""ids"": [57, 179], ""points"": 4}]","[0.2700004577636719, 0.0022668838500976562, 0.20999999344348907]"
744,ROI-0744,755,0.030973451327433628,0.03365384615384615,0.035398230088495575,4,0,0,4,443,431,30,1.0,1.0,67,"[{""ids"": [33, 34], ""points"": 4}]","[0.2499999850988388, 0.18000000715255737, 0.007137298583984375]"
745,ROI-0745,756,0.030864197530864196,0.034722222222222224,0.04032258064516129,5,0,0,5,474,454,760,1.0,1.0,124,"[{""ids"": [57, 179], ""points"": 5}]","[0.21000003814697266, 0.003834247589111328, 0.26999998092651367]"
746,ROI-0746,728,0.030864197530864196,0.034722222222222224,0.06593406593406594,6,0,0,6,414,402,30,1.0,1.0,79,"[{""ids"": [2, 33], ""points"": 6}]","[0.23999999463558197, 0.09638321399688721, 0.09734594821929932]"
747,ROI-0747,1259,0.030864197530864196,0.034722222222222224,0.0421455938697318,7,3,4,0,383,371,100,1.0,1.0,3,[],"[0.13999998569488525, 0.2200000286102295, 0.003280162811279297]"
748,ROI-0748,1309,0.03076923076923077,0.03571428571428571,0.03571428571428571,2,0,0,2,300,290,765,1.0,1.0,121,"[{""ids"": [57, 179], ""points"": 2}]","[0.17999982833862305, 0.0018620491027832031, 0.1899999976158142]"
749,ROI-0749,604,0.03076923076923077,0.03571428571428571,0.031746031746031744,2,0,0,2,319,294,760,1.0,1.0,116,"[{""ids"": [57, 179], ""points"": 2}]","[0.20000028610229492, 0.002414226531982422, 0.17999999225139618]"
750,ROI-0750,1129,0.03076923076923077,0.03571428571428571,0.03571428571428571,2,0,0,2,300,285,765,1.0,1.0,126,"[{""ids"": [57, 179], ""points"": 2}]","[0.17999982833862305, 0.0027358531951904297, 0.1899999976158142]"
751,ROI-0751,955,0.03076923076923077,0.03571428571428571,0.03571428571428571,2,0,0,2,341,339,5,1.0,1.0,116,"[{""ids"": [10, 13], ""points"": 2}]","[0.1899999976158142, 0.08862435817718506, 0.11119461059570312]"
752,ROI-0752,464,0.03076923076923077,0.03571428571428571,0.03571428571428571,2,0,0,2,309,301,45,1.0,1.0,34,"[{""ids"": [33, 37], ""points"": 2}]","[0.1799999475479126, 0.1899999976158142, 0.00654911994934082]"
753,ROI-0753,1187,0.03076923076923077,0.03571428571428571,0.03125,2,0,0,2,324,319,30,1.0,1.0,87,"[{""ids"": [2, 33], ""points"": 2}]","[0.09481877088546753, 0.19571471214294434, 0.09521722793579102]"
754,ROI-0754,541,0.030612244897959183,0.033707865168539325,0.043859649122807015,5,0,0,5,450,444,640,1.0,1.0,162,"[{""ids"": [33, 186], ""points"": 5}]","[0.17999982833862305, 0.2499999850988388, 0.01929938793182373]"
755,ROI-0755,727,0.030303030303030304,0.03333333333333333,0.05,6,0,0,6,456,444,30,1.0,1.0,78,"[{""ids"": [2, 33], ""points"": 6}]","[0.25999999046325684, 0.09621310234069824, 0.09769213199615479]"
756,ROI-0756,772,0.030172413793103446,0.03271028037383177,0.041666666666666664,7,0,0,7,536,520,535,1.0,1.0,118,"[{""ids"": [2, 12], ""points"": 7}]","[0.26999998092651367, 0.045473575592041016, 0.18000000715255737]"
757,ROI-0757,950,0.030120481927710843,0.033783783783783786,0.03333333333333333,3,0,0,3,398,382,70,1.0,1.0,71,"[{""ids"": [2, 50], ""points"": 3}]","[0.18000003695487976, 0.007706403732299805, 0.21999996900558472]"
758,ROI-0758,595,0.03,0.03296703296703297,0.030612244897959183,3,0,0,3,419,401,775,1.0,1.0,118,"[{""ids"": [57, 179], ""points"": 3}]","[0.2199997901916504, 0.0025458335876464844, 0.2199999839067459]"
759,ROI-0759,510,0.03,0.036585365853658534,0.03225806451612903,2,0,0,2,310,284,765,1.0,1.0,110,"[{""ids"": [57, 179], ""points"": 2}]","[0.19000005722045898, 0.002100706100463867, 0.1899999976158142]"
760,ROI-0760,720,0.029850746268656716,0.032,0.02877697841726619,4,0,0,4,523,497,570,1.0,1.0,219,"[{""ids"": [14, 162], ""points"": 4}]","[0.22627544403076172, 0.13227690756320953, 0.09708678722381592]"
761,ROI-0761,1222,0.02976190476190476,0.03333333333333333,0.05154639175257732,5,0,0,5,398,387,700,1.0,1.0,142,"[{""ids"": [33, 186], ""points"": 5}]","[0.17999982833862305, 0.2200000286102295, 0.022151470184326172]"
762,ROI-0762,1220,0.0297029702970297,0.03260869565217391,0.028846153846153848,3,0,0,3,494,487,625,1.0,1.0,222,"[{""ids"": [182, 190], ""points"": 3}]","[0.12999963760375977, 0.2118978500366211, 0.12245774269104004]"
763,ROI-0763,505,0.029661016949152543,0.03211009174311927,0.04411764705882353,6,0,0,6,479,471,640,1.0,1.0,45,"[{""ids"": [33, 195], ""points"": 6}]","[0.2200000286102295, 0.23999999463558197, 0.007834196090698242]"
764,ROI-0764,1053,0.029629629629629627,0.037037037037037035,0.05555555555555555,4,1,3,0,204,200,880,1.0,1.0,3,[],"[0.1400001049041748, 0.18000000715255737, 0.0029222965240478516]"
765,ROI-0765,487,0.029585798816568046,0.03125,0.03208556149732621,6,0,0,6,559,550,1530,1.0,1.0,107,"[{""ids"": [216, 219], ""points"": 6}]","[0.21000003814697266, 0.18191289901733398, 0.16058611869812012]"
766,ROI-0766,1193,0.02949852507374631,0.03205128205128205,0.03611111111111111,9,5,4,0,500,468,1940,0.6666666666666666,0.6666666666666666,94,[],"[0.14038369059562683, 0.18000000715255737, 0.14782166481018066]"
767,ROI-0767,984,0.029411764705882353,0.03389830508474576,0.02857142857142857,2,0,0,2,392,383,625,1.0,1.0,213,"[{""ids"": [182, 190], ""points"": 2}]","[0.1057133674621582, 0.18999996781349182, 0.10814911127090454]"
768,ROI-0768,1236,0.029411764705882353,0.04,0.02040816326530612,1,0,0,1,281,276,35,1.0,1.0,52,"[{""ids"": [33, 37], ""points"": 1}]","[0.18000000715255737, 0.18000000715255737, 0.005971550941467285]"
769,ROI-0769,844,0.029411764705882353,0.04,0.04,1,0,0,1,119,115,1495,1.0,1.0,2,"[{""ids"": [13, 14], ""points"": 1}]","[0.09000015258789062, 0.15999996662139893, 0.0023736953735351562]"
770,ROI-0770,1296,0.029304029304029307,0.032520325203252036,0.028985507246376812,3,0,1,2,440,433,580,1.0,1.0,228,"[{""ids"": [14, 162], ""points"": 2}]","[0.18000030517578125, 0.12999999523162842, 0.11487722396850586]"
771,ROI-0771,554,0.029239766081871343,0.031746031746031744,0.046511627906976744,6,0,0,6,426,418,600,1.0,1.0,159,"[{""ids"": [2, 13], ""points"": 6}]","[0.14600038528442383, 0.1342848539352417, 0.11221539974212646]"
772,ROI-0772,988,0.02906976744186046,0.032467532467532464,0.027777777777777776,3,0,0,3,487,475,925,1.0,1.0,76,"[{""ids"": [13, 80], ""points"": 3}]","[0.21000003814697266, 0.13000011444091797, 0.09429943561553955]"
773,ROI-0773,555,0.02906976744186046,0.032467532467532464,0.056818181818181816,5,0,0,5,405,394,20,1.0,1.0,98,"[{""ids"": [2, 10], ""points"": 4}, {""ids"": [10, 19], ""points"": 1}]","[0.18000000715255737, 0.010053634643554688, 0.2199999839067459]"
774,ROI-0774,718,0.028925619834710745,0.03125,0.04827586206896552,7,0,0,7,515,507,625,1.0,1.0,162,"[{""ids"": [33, 186], ""points"": 7}]","[0.19000005722045898, 0.26999998092651367, 0.0191957950592041]"
775,ROI-0775,467,0.028662420382165606,0.030405405405405407,0.046875,18,11,5,2,596,559,590,1.0,1.0,51,"[{""ids"": [2, 12], ""points"": 2}]","[0.20232725143432617, 0.05396533012390137, 0.25]"
776,ROI-0776,442,0.02857142857142857,0.038461538461538464,0.03225806451612903,1,0,0,1,160,150,1555,1.0,1.0,1,"[{""ids"": [2, 216], ""points"": 1}]","[0.1700000762939453, 0.0038285255432128906, 0.13999998569488525]"
777,ROI-0777,673,0.028169014084507043,0.03225806451612903,0.03225806451612903,2,0,0,2,330,309,775,1.0,1.0,119,"[{""ids"": [57, 179], ""points"": 2}]","[0.19000005722045898, 0.002777099609375, 0.19500252604484558]"
778,ROI-0778,1248,0.028169014084507043,0.03225806451612903,0.02631578947368421,2,0,0,2,467,443,640,1.0,1.0,224,"[{""ids"": [182, 190], ""points"": 2}]","[0.1629471778869629, 0.10493412613868713, 0.1899999976158142]"
779,ROI-0779,793,0.028112449799196783,0.03153153153153153,0.033707865168539325,3,0,0,3,442,428,520,1.0,1.0,107,"[{""ids"": [14, 28], ""points"": 3}]","[0.20000004768371582, 0.1599999964237213, 0.09698176383972168]"
780,ROI-0780,855,0.028,0.03017241379310345,0.03305785123966942,4,0,0,4,470,464,0,1.0,1.0,64,"[{""ids"": [13, 15], ""points"": 4}]","[0.19000005722045898, 0.23999997973442078, 0.018459200859069824]"
781,ROI-0781,640,0.027777777777777776,0.031746031746031744,0.04081632653061224,4,0,0,4,414,396,775,1.0,1.0,120,"[{""ids"": [57, 179], ""points"": 4}]","[0.25, 0.0027923583984375, 0.17999999225139618]"
782,ROI-0782,1295,0.027777777777777776,0.031746031746031744,0.031746031746031744,2,0,0,2,335,324,775,1.0,1.0,119,"[{""ids"": [57, 179], ""points"": 2}]","[0.17999982833862305, 0.0023813247680664062, 0.20846378803253174]"
783,ROI-0783,1308,0.027777777777777776,0.031746031746031744,0.02857142857142857,2,0,0,2,338,326,765,1.0,1.0,123,"[{""ids"": [57, 179], ""points"": 2}]","[0.21000003814697266, 0.0023872852325439453, 0.17999999225139618]"
784,ROI-0784,992,0.027777777777777776,0.030303030303030304,0.030303030303030304,3,0,0,3,403,384,760,1.0,1.0,128,"[{""ids"": [57, 179], ""points"": 3}]","[0.23000001907348633, 0.0040013790130615234, 0.21000000834465027]"
785,ROI-0785,901,0.027777777777777776,0.03125,0.04807692307692308,5,0,0,5,416,411,30,1.0,1.0,64,"[{""ids"": [2, 33], ""points"": 5}]","[0.24000000953674316, 0.09747040271759033, 0.09685778617858887]"
786,ROI-0786,531,0.027777777777777776,0.03140096618357488,0.035555555555555556,4,1,2,1,261,256,1225,1.0,1.0,28,"[{""ids"": [13, 206], ""points"": 1}]","[0.23000001907348633, 0.12999999523162842, 0.003423452377319336]"
787,ROI-0787,817,0.027777777777777776,0.037037037037037035,0.029411764705882353,1,0,0,1,141,140,1505,1.0,1.0,3,"[{""ids"": [2, 182], ""points"": 1}]","[0.005035400390625, 0.0899999737739563, 0.1799999475479126]"
788,ROI-0788,873,0.027777777777777773,0.03535353535353535,0.03968253968253968,2,0,1,1,279,273,1130,1.0,1.0,120,"[{""ids"": [206, 209], ""points"": 1}]","[0.09517574310302734, 0.18000006675720215, 0.08557265996932983]"
789,ROI-0789,1009,0.027577937649880094,0.029487179487179487,0.02531645569620253,12,12,0,0,586,547,585,0.08333333333333333,0.16666666666666666,3,[],"[0.19000005722045898, 0.05640757083892822, 0.25999996066093445]"
790,ROI-0790,1059,0.0273972602739726,0.03125,0.02702702702702703,2,0,0,2,340,331,775,1.0,1.0,102,"[{""ids"": [57, 179], ""points"": 2}]","[0.21000003814697266, 0.0019783973693847656, 0.18999996781349182]"
791,ROI-0791,1015,0.0273972602739726,0.03125,0.025,2,0,0,2,346,343,510,1.0,1.0,82,"[{""ids"": [2, 12], ""points"": 2}]","[0.18999981880187988, 0.04685807228088379, 0.17000001668930054]"
792,ROI-0792,702,0.02702702702702703,0.03076923076923077,0.033707865168539325,3,0,0,3,372,364,775,1.0,1.0,101,"[{""ids"": [57, 179], ""points"": 3}]","[0.2200002670288086, 0.0026993751525878906, 0.19999998807907104]"
793,ROI-0793,1114,0.02702702702702703,0.03076923076923077,0.03125,3,0,0,3,390,367,760,1.0,1.0,123,"[{""ids"": [57, 179], ""points"": 3}]","[0.23000001907348633, 0.002602815628051758, 0.19999998807907104]"
794,ROI-0794,1287,0.02702702702702703,0.03076923076923077,0.02564102564102564,2,0,0,2,392,379,605,1.0,1.0,216,"[{""ids"": [2, 179], ""points"": 2}]","[0.14317655563354492, 0.0533447265625, 0.1760750114917755]"
795,ROI-0795,593,0.02702702702702703,0.03076923076923077,0.0273972602739726,2,0,0,2,343,335,0,1.0,1.0,51,"[{""ids"": [13, 15], ""points"": 2}]","[0.19000005722045898, 0.19999998807907104, 0.014314770698547363]"
796,ROI-0796,684,0.026923076923076925,0.028925619834710745,0.0457516339869281,7,0,0,7,520,508,1445,1.0,1.0,41,"[{""ids"": [2, 13], ""points"": 7}]","[0.2709197998046875, 0.09974014759063721, 0.11671507358551025]"
797,ROI-0797,1062,0.026881720430107527,0.02976190476190476,0.039603960396039604,4,0,0,4,409,401,30,1.0,1.0,86,"[{""ids"": [2, 33], ""points"": 4}]","[0.09454375505447388, 0.23000001907348633, 0.09577417373657227]"
798,ROI-0798,954,0.02678571428571428,0.031914893617021274,0.03225806451612903,2,0,0,2,345,322,775,1.0,1.0,117,"[{""ids"": [57, 179], ""points"": 2}]","[0.19000005722045898, 0.001855611801147461, 0.1899999976158142]"
799,ROI-0799,1176,0.026595744680851064,0.029411764705882353,0.0390625,5,0,0,5,457,440,775,1.0,1.0,123,"[{""ids"": [57, 179], ""points"": 5}]","[0.23000001907348633, 0.00590062141418457, 0.25]"
800,ROI-0800,1297,0.02631578947368421,0.029850746268656716,0.04597701149425287,4,0,0,4,382,373,620,1.0,1.0,162,"[{""ids"": [33, 186], ""points"": 4}]","[0.19000005722045898, 0.21000000834465027, 0.019438862800598145]"
801,ROI-0801,1157,0.02631578947368421,0.029850746268656716,0.04225352112676056,3,0,0,3,393,385,1740,1.0,1.0,50,"[{""ids"": [13, 322], ""points"": 3}]","[0.18999981880187988, 0.1323692798614502, 0.10318934917449951]"
802,ROI-0802,708,0.02631578947368421,0.034482758620689655,0.03225806451612903,1,0,0,1,154,140,1655,1.0,1.0,4,"[{""ids"": [13, 18], ""points"": 1}]","[0.09999990463256836, 0.1499999761581421, 0.057900190353393555]"
803,ROI-0803,1065,0.025974025974025976,0.029411764705882353,0.029411764705882353,2,0,0,2,344,335,755,1.0,1.0,130,"[{""ids"": [57, 179], ""points"": 2}]","[0.19000005722045898, 0.017206192016601562, 0.20232900977134705]"
804,ROI-0804,1237,0.025974025974025976,0.029411764705882353,0.023529411764705882,2,0,0,2,465,455,745,1.0,1.0,149,"[{""ids"": [216, 225], ""points"": 2}]","[0.10168600082397461, 0.13468599319458008, 0.1746809482574463]"
805,ROI-0805,1241,0.025974025974025976,0.029411764705882353,0.037037037037037035,3,0,0,3,405,399,730,1.0,1.0,115,"[{""ids"": [2, 33], ""points"": 3}]","[0.19000005722045898, 0.18999981880187988, 0.09874594211578369]"
806,ROI-0806,951,0.025974025974025976,0.029411764705882353,0.029411764705882353,2,0,0,2,327,317,30,1.0,1.0,70,"[{""ids"": [33, 34], ""points"": 2}]","[0.19038674235343933, 0.1899999976158142, 0.006815910339355469]"
807,ROI-0807,786,0.02564102564102564,0.03333333333333333,0.03333333333333333,1,0,0,1,140,139,1590,1.0,1.0,1,"[{""ids"": [2, 216], ""points"": 1}]","[0.17999982833862305, 0.003730297088623047, 0.09000003337860107]"
808,ROI-0808,850,0.02564102564102564,0.028070175438596492,0.032520325203252036,11,10,1,0,531,496,125,0.3333333333333333,0.3333333333333333,115,[],"[0.14054065942764282, 0.19146239757537842, 0.15364933013916016]"
809,ROI-0809,1025,0.025510204081632654,0.028089887640449437,0.02912621359223301,3,0,0,3,409,396,770,1.0,1.0,123,"[{""ids"": [57, 179], ""points"": 3}]","[0.24000024795532227, 0.004378318786621094, 0.21000000834465027]"
810,ROI-0810,1132,0.025423728813559324,0.03,0.03125,2,0,0,2,321,317,635,1.0,1.0,161,"[{""ids"": [33, 186], ""points"": 2}]","[0.17999982833862305, 0.1899999976158142, 0.019423604011535645]"
811,ROI-0811,710,0.02531645569620253,0.02857142857142857,0.02857142857142857,2,0,0,2,338,332,775,1.0,1.0,120,"[{""ids"": [57, 179], ""points"": 2}]","[0.17999982833862305, 0.0034723281860351562, 0.20999999344348907]"
812,ROI-0812,1186,0.02531645569620253,0.02857142857142857,0.02857142857142857,2,0,0,2,338,326,775,1.0,1.0,105,"[{""ids"": [57, 179], ""points"": 2}]","[0.20999956130981445, 0.0018768310546875, 0.17999997735023499]"
813,ROI-0813,632,0.02531645569620253,0.02857142857142857,0.02857142857142857,2,0,0,2,338,320,760,1.0,1.0,123,"[{""ids"": [57, 179], ""points"": 2}]","[0.21000003814697266, 0.0023059844970703125, 0.18000000715255737]"
814,ROI-0814,920,0.02531645569620253,0.02857142857142857,0.02531645569620253,2,0,0,2,353,350,600,1.0,1.0,112,"[{""ids"": [2, 33], ""points"": 2}]","[0.19999980926513672, 0.10521411895751953, 0.09396815299987793]"
815,ROI-0815,907,0.02531645569620253,0.02857142857142857,0.02857142857142857,2,0,0,2,350,342,175,1.0,1.0,50,"[{""ids"": [2, 13], ""points"": 2}]","[0.19000005722045898, 0.10228991508483887, 0.1158602237701416]"
816,ROI-0816,1200,0.02531645569620253,0.02857142857142857,0.02857142857142857,2,0,0,2,345,330,755,1.0,1.0,101,"[{""ids"": [57, 179], ""points"": 2}]","[0.18471527099609375, 0.0037534236907958984, 0.21000003814697266]"
817,ROI-0817,1273,0.02531645569620253,0.02857142857142857,0.02531645569620253,2,0,0,2,340,337,0,1.0,1.0,110,"[{""ids"": [2, 19], ""points"": 2}]","[0.019552111625671387, 0.19000005722045898, 0.18000000715255737]"
818,ROI-0818,686,0.025252525252525252,0.027777777777777776,0.028985507246376812,4,0,0,4,617,603,500,1.0,1.0,101,"[{""ids"": [8, 28], ""points"": 4}]","[0.14294171333312988, 0.13105976581573486, 0.23000001907348633]"
819,ROI-0819,866,0.02525252525252525,0.029239766081871343,0.03296703296703297,3,0,0,3,438,431,735,1.0,1.0,173,"[{""ids"": [216, 225], ""points"": 3}]","[0.17999982833862305, 0.16191959381103516, 0.09642040729522705]"
820,ROI-0820,1076,0.025,0.028169014084507043,0.02631578947368421,2,0,0,2,342,333,720,1.0,1.0,95,"[{""ids"": [33, 210], ""points"": 2}]","[0.19000005722045898, 0.19000005722045898, 0.01039111614227295]"
821,ROI-0821,1305,0.025,0.03225806451612903,0.02564102564102564,1,0,0,1,149,148,1775,1.0,1.0,3,"[{""ids"": [13, 172], ""points"": 1}]","[0.18000030517578125, 0.09000003337860107, 0.002468585968017578]"
822,ROI-0822,645,0.025,0.03225806451612903,0.03225806451612903,1,0,0,1,176,173,1915,1.0,1.0,1,"[{""ids"": [2, 4], ""points"": 1}]","[0.0032154321670532227, 0.15999996662139893, 0.18000000715255737]"
823,ROI-0823,709,0.025,0.03225806451612903,0.030303030303030304,1,0,0,1,142,140,1670,1.0,1.0,5,"[{""ids"": [13, 18], ""points"": 1}]","[0.08999991416931152, 0.17235630750656128, 0.004981040954589844]"
824,ROI-0824,1027,0.02469135802469136,0.02962962962962963,0.02962962962962963,2,0,2,0,186,167,1880,1.0,1.0,2,[],"[0.17999982833862305, 0.17083215713500977, 0.009444475173950195]"
825,ROI-0825,1223,0.024691358024691357,0.027777777777777776,0.024096385542168676,2,0,0,2,333,323,65,1.0,1.0,64,"[{""ids"": [2, 33], ""points"": 2}]","[0.1349121332168579, 0.12000012397766113, 0.09595203399658203]"
826,ROI-0826,1102,0.024691358024691357,0.027777777777777776,0.0273972602739726,2,0,0,2,336,327,85,1.0,1.0,10,"[{""ids"": [33, 55], ""points"": 2}]","[0.18999993801116943, 0.18000006675720215, 0.020546913146972656]"
827,ROI-0827,1292,0.024691358024691357,0.027777777777777776,0.02702702702702703,2,0,0,2,347,336,85,1.0,1.0,9,"[{""ids"": [33, 55], ""points"": 2}]","[0.19000005722045898, 0.18000006675720215, 0.020546913146972656]"
828,ROI-0828,1151,0.024691358024691357,0.027777777777777776,0.0273972602739726,2,0,0,2,348,309,810,1.0,1.0,67,"[{""ids"": [33, 210], ""points"": 2}]","[0.17999982833862305, 0.20000004768371582, 0.010909438133239746]"
829,ROI-0829,749,0.024390243902439025,0.0273972602739726,0.024691358024691357,2,0,0,2,360,355,25,1.0,1.0,105,"[{""ids"": [2, 10], ""points"": 2}]","[0.1899999976158142, 0.013714194297790527, 0.1799999475479126]"
830,ROI-0830,841,0.024390243902439025,0.03125,0.03125,1,0,0,1,166,161,190,1.0,1.0,13,"[{""ids"": [2, 4], ""points"": 1}]","[0.0017158985137939453, 0.13999998569488525, 0.18000000715255737]"
831,ROI-0831,664,0.024390243902439025,0.03125,0.027777777777777776,1,0,0,1,149,147,805,1.0,1.0,2,"[{""ids"": [2, 216], ""points"": 1}]","[0.09999990463256836, 0.0026602745056152344, 0.1799999475479126]"
832,ROI-0832,1018,0.023809523809523808,0.027777777777777776,0.03225806451612903,2,0,0,2,310,301,760,1.0,1.0,121,"[{""ids"": [57, 179], ""points"": 2}]","[0.19000005722045898, 0.002044200897216797, 0.1899999976158142]"
833,ROI-0833,1092,0.023809523809523808,0.02666666666666667,0.02564102564102564,2,0,0,2,369,354,145,1.0,1.0,54,"[{""ids"": [13, 15], ""points"": 2}]","[0.19000005722045898, 0.19000005722045898, 0.021335721015930176]"
834,ROI-0834,562,0.02356902356902357,0.025925925925925925,0.028368794326241134,4,0,0,4,593,584,875,1.0,1.0,138,"[{""ids"": [80, 216], ""points"": 4}]","[0.1928420066833496, 0.20227885246276855, 0.13135147094726562]"
835,ROI-0835,741,0.023148148148148147,0.030864197530864196,0.0392156862745098,3,2,1,0,211,132,190,1.0,1.0,61,[],"[0.08076456189155579, 0.07672396302223206, 0.1039658784866333]"
836,ROI-0836,874,0.023114355231143552,0.024739583333333332,0.024774774774774775,5,2,0,3,493,474,1925,1.0,1.0,116,"[{""ids"": [7, 20], ""points"": 3}]","[0.24364492297172546, 0.21000003814697266, 0.019815146923065186]"
837,ROI-0837,568,0.022988505747126436,0.02564102564102564,0.02702702702702703,3,0,0,3,534,528,585,1.0,1.0,204,"[{""ids"": [14, 162], ""points"": 3}]","[0.1700000762939453, 0.15268151462078094, 0.18007636070251465]"
838,ROI-0838,1145,0.022988505747126436,0.02564102564102564,0.02247191011235955,2,0,0,2,367,363,695,1.0,1.0,44,"[{""ids"": [33, 195], ""points"": 2}]","[0.18586087226867676, 0.20000004768371582, 0.010531425476074219]"
839,ROI-0839,459,0.022988505747126436,0.024509803921568627,0.02619047619047619,4,0,1,3,557,550,715,1.0,1.0,92,"[{""ids"": [2, 13], ""points"": 3}]","[0.12551307678222656, 0.24000000953674316, 0.11139023303985596]"
840,ROI-0840,1178,0.022727272727272728,0.02631578947368421,0.028985507246376812,2,0,0,2,333,331,0,1.0,1.0,108,"[{""ids"": [2, 7], ""points"": 2}]","[0.10467112064361572, 0.20000004768371582, 0.09290128946304321]"
841,ROI-0841,1228,0.022727272727272728,0.02857142857142857,0.02040816326530612,1,0,0,1,288,287,35,1.0,1.0,41,"[{""ids"": [33, 37], ""points"": 1}]","[0.18000000715255737, 0.18000000715255737, 0.009181380271911621]"
842,ROI-0842,1026,0.022727272727272728,0.02857142857142857,0.02040816326530612,1,0,0,1,281,279,35,1.0,1.0,49,"[{""ids"": [33, 37], ""points"": 1}]","[0.18000000715255737, 0.18000000715255737, 0.0062367916107177734]"
843,ROI-0843,859,0.022727272727272728,0.02857142857142857,0.037037037037037035,2,0,2,0,180,171,795,1.0,1.0,5,[],"[0.1699998378753662, 0.1499999761581421, 0.00409853458404541]"
844,ROI-0844,499,0.02252252252252252,0.024509803921568627,0.03787878787878788,5,0,0,5,466,448,70,1.0,1.0,34,"[{""ids"": [2, 39], ""points"": 5}]","[0.23348772525787354, 0.08503413200378418, 0.12000000476837158]"
845,ROI-0845,748,0.02247191011235955,0.025,0.031007751937984496,4,0,0,4,593,583,300,1.0,1.0,129,"[{""ids"": [77, 80], ""points"": 4}]","[0.20036005973815918, 0.15076875686645508, 0.16318058967590332]"
846,ROI-0846,560,0.02247191011235955,0.025,0.02912621359223301,3,0,0,3,399,394,1240,1.0,1.0,71,"[{""ids"": [218, 349], ""points"": 3}]","[0.2043766975402832, 0.19000005722045898, 0.03899514675140381]"
847,ROI-0847,427,0.022388059701492536,0.02586206896551724,0.03225806451612903,3,0,0,3,382,368,535,1.0,1.0,113,"[{""ids"": [2, 12], ""points"": 3}]","[0.20000004768371582, 0.04527628421783447, 0.18000000715255737]"
848,ROI-0848,997,0.022222222222222223,0.024691358024691357,0.024691358024691357,2,0,0,2,355,352,135,1.0,1.0,73,"[{""ids"": [2, 13], ""points"": 2}]","[0.19999992847442627, 0.08837604522705078, 0.1189805269241333]"
849,ROI-0849,731,0.022222222222222223,0.027777777777777776,0.02702702702702703,1,0,0,1,183,171,1785,1.0,1.0,5,"[{""ids"": [13, 172], ""points"": 1}]","[0.18000006675720215, 0.09999996423721313, 0.03740417957305908]"
850,ROI-0850,364,0.02197802197802198,0.024390243902439025,0.022727272727272728,2,0,0,2,407,396,990,1.0,1.0,134,"[{""ids"": [2, 348], ""points"": 2}]","[0.2154541015625, 0.0234525203704834, 0.1899999976158142]"
851,ROI-0851,636,0.02185792349726776,0.02564102564102564,0.03636363636363636,2,0,0,2,320,313,1035,1.0,1.0,78,"[{""ids"": [218, 219], ""points"": 2}]","[0.19000005722045898, 0.17999982833862305, 0.030051350593566895]"
852,ROI-0852,1126,0.021825396825396824,0.027777777777777776,0.03968253968253968,5,5,0,0,156,2,10,1.0,1.0,1,[],"[0.10831820964813232, 0.06000000238418579, 0.07481735944747925]"
853,ROI-0853,765,0.021739130434782608,0.02702702702702703,0.02,1,0,0,1,377,367,0,1.0,1.0,127,"[{""ids"": [9, 18], ""points"": 1}]","[0.19000005722045898, 0.16999998688697815, 0.09548342227935791]"
854,ROI-0854,1014,0.021645021645021648,0.024509803921568627,0.03070175438596491,5,3,2,0,425,338,1980,1.0,1.0,7,[],"[0.2099999189376831, 0.1928098201751709, 0.004886507987976074]"
855,ROI-0855,946,0.021505376344086023,0.023809523809523808,0.019801980198019802,2,0,0,2,561,553,10,1.0,1.0,103,"[{""ids"": [8, 14], ""points"": 2}]","[0.19000005722045898, 0.1900000125169754, 0.1626262664794922]"
856,ROI-0856,1318,0.021505376344086023,0.030303030303030304,0.01904761904761905,1,0,1,0,154,150,1460,1.0,1.0,3,[],"[0.11999988555908203, 0.14255952835083008, 0.023236393928527832]"
857,ROI-0857,1137,0.02127659574468085,0.02631578947368421,0.022222222222222223,1,0,0,1,202,190,1095,1.0,1.0,13,"[{""ids"": [206, 407], ""points"": 1}]","[0.1846013069152832, 0.11000001430511475, 0.0031194686889648438]"
858,ROI-0858,1167,0.021072796934865898,0.02494331065759637,0.032679738562091505,4,3,1,0,202,198,100,1.0,1.0,3,[],"[0.12999999523162842, 0.20000004768371582, 0.0027954578399658203]"
859,ROI-0859,835,0.020833333333333332,0.023809523809523808,0.028985507246376812,2,0,0,2,367,354,705,1.0,1.0,162,"[{""ids"": [206, 209], ""points"": 2}]","[0.10932779312133789, 0.19392120838165283, 0.10464709997177124]"
860,ROI-0860,1086,0.020833333333333332,0.022988505747126436,0.021739130434782608,2,0,0,2,396,393,695,1.0,1.0,97,"[{""ids"": [33, 210], ""points"": 2}]","[0.20999956130981445, 0.18999993801116943, 0.007088899612426758]"
861,ROI-0861,1118,0.020833333333333332,0.023809523809523808,0.023255813953488372,2,0,0,2,384,376,5,1.0,1.0,118,"[{""ids"": [10, 19], ""points"": 2}]","[0.18999998271465302, 0.011825323104858398, 0.18999998271465302]"
862,ROI-0862,1022,0.020833333333333332,0.02564102564102564,0.02564102564102564,1,0,0,1,151,148,1300,1.0,1.0,5,"[{""ids"": [2, 14], ""points"": 1}]","[0.17999982833862305, 0.001255035400390625, 0.09999996423721313]"
863,ROI-0863,443,0.020833333333333332,0.022988505747126436,0.028735632183908046,5,0,5,0,450,442,1840,1.0,1.0,19,[],"[0.14214181900024414, 0.18718934059143066, 0.09712672233581543]"
864,ROI-0864,616,0.02054794520547945,0.0234375,0.0273972602739726,2,0,0,2,352,320,750,1.0,1.0,114,"[{""ids"": [57, 179], ""points"": 2}]","[0.19999980926513672, 0.007802486419677734, 0.20000001788139343]"
865,ROI-0865,1263,0.02054794520547945,0.0234375,0.027777777777777776,2,0,0,2,352,346,660,1.0,1.0,47,"[{""ids"": [33, 195], ""points"": 2}]","[0.18000006675720215, 0.20000004768371582, 0.010335803031921387]"
866,ROI-0866,773,0.02040816326530612,0.025,0.01694915254237288,1,0,0,1,375,374,735,1.0,1.0,179,"[{""ids"": [216, 225], ""points"": 1}]","[0.1700000762939453, 0.1306159496307373, 0.10184246301651001]"
867,ROI-0867,1188,0.02040816326530612,0.025,0.03571428571428571,2,0,0,2,300,285,770,1.0,1.0,104,"[{""ids"": [57, 179], ""points"": 2}]","[0.18000030517578125, 0.002099752426147461, 0.1899999976158142]"
868,ROI-0868,1143,0.02040816326530612,0.025,0.02040816326530612,1,0,0,1,309,306,710,1.0,1.0,129,"[{""ids"": [33, 186], ""points"": 1}]","[0.18000030517578125, 0.19000005722045898, 0.021766066551208496]"
869,ROI-0869,825,0.02040816326530612,0.025,0.03571428571428571,2,0,0,2,327,320,650,1.0,1.0,69,"[{""ids"": [33, 195], ""points"": 2}]","[0.17999982833862305, 0.19279980659484863, 0.009380578994750977]"
870,ROI-0870,724,0.02040816326530612,0.025,0.025,1,0,0,1,150,149,600,1.0,1.0,8,"[{""ids"": [13, 14], ""points"": 1}]","[0.18000006675720215, 0.08999999612569809, 0.006937146186828613]"
871,ROI-0871,770,0.02040816326530612,0.025,0.025,1,0,0,1,150,149,1580,1.0,1.0,3,"[{""ids"": [2, 216], ""points"": 1}]","[0.17999982833862305, 0.0024971961975097656, 0.09000003337860107]"
872,ROI-0872,1261,0.02040816326530612,0.025,0.041666666666666664,3,0,3,0,230,226,1535,1.0,1.0,4,[],"[0.12000012397766113, 0.10048657655715942, 0.10239481925964355]"
873,ROI-0873,538,0.020202020202020204,0.022875816993464054,0.023529411764705882,5,4,1,0,450,445,0,1.0,1.0,55,[],"[0.05097341537475586, 0.21296930313110352, 0.17043077945709229]"
874,ROI-0874,524,0.02,0.024390243902439025,0.016129032258064516,1,0,0,1,397,394,575,1.0,1.0,225,"[{""ids"": [14, 162], ""points"": 1}]","[0.18653106689453125, 0.13094693422317505, 0.11619949340820312]"
875,ROI-0875,1313,0.02,0.024390243902439025,0.0273972602739726,2,0,0,2,337,319,760,1.0,1.0,127,"[{""ids"": [57, 179], ""points"": 2}]","[0.19999980926513672, 0.002503633499145508, 0.19999998807907104]"
876,ROI-0876,961,0.02,0.022727272727272728,0.02564102564102564,2,0,0,2,392,386,610,1.0,1.0,183,"[{""ids"": [2, 179], ""points"": 2}]","[0.13423871994018555, 0.06457257270812988, 0.20999997854232788]"
877,ROI-0877,545,0.02,0.022727272727272728,0.04,3,0,0,3,388,385,0,1.0,1.0,102,"[{""ids"": [2, 7], ""points"": 3}]","[0.10302352905273438, 0.20000004768371582, 0.09229183197021484]"
878,ROI-0878,1019,0.02,0.03125,0.047619047619047616,1,0,0,1,128,74,215,1.0,1.0,8,"[{""ids"": [77, 79], ""points"": 1}]","[0.05008673667907715, 0.045098066329956055, 0.09999996423721313]"
879,ROI-0879,1121,0.02,0.02197802197802198,0.02168021680216802,6,4,2,0,526,466,5,1.0,1.0,107,[],"[0.13338300585746765, 0.20000004768371582, 0.07822370529174805]"
880,ROI-0880,975,0.019607843137254905,0.02666666666666667,0.05405405405405406,3,1,1,1,87,57,180,1.0,1.0,20,"[{""ids"": [78, 322], ""points"": 1}]","[0.03310823440551758, 0.052571773529052734, 0.057168006896972656]"
881,ROI-0881,1271,0.019607843137254905,0.02666666666666667,0.02666666666666667,1,0,1,0,160,154,1220,1.0,1.0,6,[],"[0.14156675338745117, 0.16000008583068848, 0.0028696060180664062]"
882,ROI-0882,1051,0.0196078431372549,0.023809523809523808,0.02040816326530612,1,0,0,1,289,284,770,1.0,1.0,116,"[{""ids"": [57, 179], ""points"": 1}]","[0.17999982833862305, 0.0025267601013183594, 0.18096593022346497]"
883,ROI-0883,926,0.0196078431372549,0.023809523809523808,0.02040816326530612,1,0,0,1,281,273,775,1.0,1.0,100,"[{""ids"": [57, 179], ""points"": 1}]","[0.17999982833862305, 0.0020034313201904297, 0.17999997735023499]"
884,ROI-0884,507,0.0196078431372549,0.023809523809523808,0.02040816326530612,1,0,0,1,281,272,765,1.0,1.0,118,"[{""ids"": [57, 179], ""points"": 1}]","[0.18000030517578125, 0.002179861068725586, 0.17999999225139618]"
885,ROI-0885,1036,0.0196078431372549,0.023809523809523808,0.02040816326530612,1,0,0,1,282,272,765,1.0,1.0,123,"[{""ids"": [57, 179], ""points"": 1}]","[0.1832261085510254, 0.0027589797973632812, 0.18000000715255737]"
886,ROI-0886,1020,0.0196078431372549,0.023809523809523808,0.02040816326530612,1,0,0,1,281,269,760,1.0,1.0,120,"[{""ids"": [57, 179], ""points"": 1}]","[0.17999982833862305, 0.0023381710052490234, 0.18000000715255737]"
887,ROI-0887,931,0.0196078431372549,0.023809523809523808,0.02040816326530612,1,0,0,1,281,276,775,1.0,1.0,99,"[{""ids"": [57, 179], ""points"": 1}]","[0.17999982833862305, 0.002248525619506836, 0.18000000715255737]"
888,ROI-0888,650,0.0196078431372549,0.023809523809523808,0.02040816326530612,1,0,0,1,281,272,765,1.0,1.0,120,"[{""ids"": [57, 179], ""points"": 1}]","[0.18000030517578125, 0.002107858657836914, 0.18000000715255737]"
889,ROI-0889,1116,0.0196078431372549,0.023809523809523808,0.02040816326530612,1,0,0,1,281,271,765,1.0,1.0,123,"[{""ids"": [57, 179], ""points"": 1}]","[0.18000030517578125, 0.002882719039916992, 0.17999997735023499]"
890,ROI-0890,960,0.0196078431372549,0.023809523809523808,0.02040816326530612,1,0,0,1,281,273,765,1.0,1.0,121,"[{""ids"": [57, 179], ""points"": 1}]","[0.17999982833862305, 0.002262592315673828, 0.18000000715255737]"
891,ROI-0891,1079,0.0196078431372549,0.023809523809523808,0.02040816326530612,1,0,0,1,295,267,750,1.0,1.0,108,"[{""ids"": [57, 179], ""points"": 1}]","[0.18000030517578125, 0.007752418518066406, 0.17999997735023499]"
892,ROI-0892,1042,0.0196078431372549,0.023809523809523808,0.015873015873015872,1,0,0,1,329,305,190,1.0,1.0,39,"[{""ids"": [13, 15], ""points"": 1}]","[0.18000006675720215, 0.18999993801116943, 0.0035582780838012695]"
893,ROI-0893,763,0.0196078431372549,0.041666666666666664,0.027777777777777776,1,1,0,0,29,11,925,1.0,1.0,22,[],"[0.04935812950134277, 0.041378021240234375, 0.04043221473693848]"
894,ROI-0894,991,0.019417475728155338,0.02127659574468085,0.019801980198019802,2,0,0,2,558,520,605,1.0,1.0,39,"[{""ids"": [13, 14], ""points"": 2}]","[0.20000004768371582, 0.19999998807907104, 0.10432374477386475]"
895,ROI-0895,864,0.019337016574585638,0.020348837209302327,0.023809523809523808,5,0,0,5,688,667,550,1.0,1.0,164,"[{""ids"": [14, 160], ""points"": 5}]","[0.20000004768371582, 0.25999999046325684, 0.12034034729003906]"
896,ROI-0896,1283,0.019230769230769232,0.023255813953488372,0.017543859649122806,1,0,0,1,301,299,0,1.0,1.0,110,"[{""ids"": [2, 19], ""points"": 1}]","[0.027516186237335205, 0.17000001668930054, 0.18000000715255737]"
897,ROI-0897,1008,0.0189873417721519,0.02142857142857143,0.03333333333333333,3,0,0,3,390,336,720,1.0,1.0,188,"[{""ids"": [179, 186], ""points"": 3}]","[0.118408203125, 0.09543395042419434, 0.21426339447498322]"
898,ROI-0898,1184,0.018867924528301886,0.022727272727272728,0.01818181818181818,2,1,1,0,284,274,620,1.0,1.0,202,[],"[0.107574462890625, 0.08192497491836548, 0.10395738482475281]"
899,ROI-0899,715,0.018779342723004695,0.021505376344086023,0.022727272727272728,4,2,2,0,325,321,150,1.0,1.0,67,[],"[0.18999998271465302, 0.1799999475479126, 0.016332387924194336]"
900,ROI-0900,265,0.01875,0.02112676056338028,0.025,2,0,0,2,369,364,0,1.0,1.0,80,"[{""ids"": [2, 13], ""points"": 2}]","[0.19999992847442627, 0.09953081607818604, 0.11657381057739258]"
901,ROI-0901,594,0.01875,0.02112676056338028,0.02197802197802198,2,0,0,2,402,396,600,1.0,1.0,133,"[{""ids"": [2, 13], ""points"": 2}]","[0.21000003814697266, 0.10427892208099365, 0.11244320869445801]"
902,ROI-0902,780,0.018726591760299623,0.020833333333333332,0.01773049645390071,2,0,1,1,416,396,670,1.0,1.0,126,"[{""ids"": [2, 186], ""points"": 1}]","[0.2025141716003418, 0.19485622644424438, 0.039240360260009766]"
903,ROI-0903,694,0.018518518518518517,0.022222222222222223,0.017857142857142856,1,0,0,1,405,401,630,1.0,1.0,202,"[{""ids"": [182, 190], ""points"": 1}]","[0.1451416015625, 0.18000000715255737, 0.11410659551620483]"
904,ROI-0904,971,0.018518518518518517,0.022222222222222223,0.01694915254237288,1,0,0,1,339,334,600,1.0,1.0,112,"[{""ids"": [2, 13], ""points"": 1}]","[0.17999982833862305, 0.10355532169342041, 0.11244630813598633]"
905,ROI-0905,418,0.018518518518518517,0.027777777777777776,0.030303030303030304,1,0,0,1,143,142,1580,1.0,1.0,3,"[{""ids"": [2, 216], ""points"": 1}]","[0.17999982833862305, 0.0015096664428710938, 0.09000003337860107]"
906,ROI-0906,740,0.018518518518518517,0.022222222222222223,0.022222222222222223,1,0,0,1,218,217,0,1.0,1.0,107,"[{""ids"": [2, 7], ""points"": 1}]","[0.09597820043563843, 0.18000000715255737, 0.0529903769493103]"
907,ROI-0907,879,0.0182648401826484,0.020833333333333332,0.024691358024691357,3,0,3,0,363,358,0,1.0,1.0,118,[],"[0.026671648025512695, 0.17007797956466675, 0.1899999976158142]"
908,ROI-0908,1277,0.01824212271973466,0.0210727969348659,0.030303030303030304,3,0,3,0,360,357,110,1.0,1.0,9,[],"[0.1799999475479126, 0.1799999475479126, 0.02250802516937256]"
909,ROI-0909,591,0.01818181818181818,0.021739130434782608,0.01818181818181818,1,0,0,1,326,274,715,1.0,1.0,50,"[{""ids"": [33, 210], ""points"": 1}]","[0.19000005722045898, 0.18000006675720215, 0.011635661125183105]"
910,ROI-0910,865,0.017948717948717947,0.020833333333333332,0.039473684210526314,3,0,0,3,359,346,5,1.0,1.0,114,"[{""ids"": [10, 19], ""points"": 3}]","[0.18627262115478516, 0.013927459716796875, 0.19999998807907104]"
911,ROI-0911,1162,0.017857142857142856,0.02,0.022727272727272728,2,0,0,2,459,450,990,1.0,1.0,92,"[{""ids"": [172, 181], ""points"": 2}]","[0.1700000762939453, 0.19999992847442627, 0.07545173168182373]"
912,ROI-0912,453,0.017857142857142856,0.02127659574468085,0.018518518518518517,1,0,0,1,298,296,0,1.0,1.0,108,"[{""ids"": [2, 19], ""points"": 1}]","[0.028345882892608643, 0.17000001668930054, 0.17999999225139618]"
913,ROI-0913,1041,0.017857142857142856,0.02127659574468085,0.018518518518518517,1,0,0,1,302,300,590,1.0,1.0,86,"[{""ids"": [2, 33], ""points"": 1}]","[0.17999982833862305, 0.10243511199951172, 0.08333516120910645]"
914,ROI-0914,941,0.017543859649122806,0.020833333333333332,0.017543859649122806,1,0,0,1,317,315,550,1.0,1.0,47,"[{""ids"": [2, 33], ""points"": 1}]","[0.18000006675720215, 0.1020655632019043, 0.10022854804992676]"
915,ROI-0915,1140,0.017543859649122806,0.020833333333333332,0.015873015873015872,1,0,0,1,314,312,25,1.0,1.0,82,"[{""ids"": [2, 33], ""points"": 1}]","[0.10447549819946289, 0.17999997735023499, 0.09197068214416504]"
916,ROI-0916,665,0.017543859649122806,0.020833333333333332,0.016129032258064516,1,0,0,1,313,291,715,1.0,1.0,94,"[{""ids"": [2, 186], ""points"": 1}]","[0.17999982833862305, 0.18000006675720215, 0.02305459976196289]"
917,ROI-0917,1216,0.017543859649122806,0.020833333333333332,0.015384615384615385,1,0,0,1,339,333,595,1.0,1.0,110,"[{""ids"": [2, 13], ""points"": 1}]","[0.18000030517578125, 0.09304320812225342, 0.11275184154510498]"
918,ROI-0918,574,0.017543859649122806,0.022988505747126436,0.043010752688172046,4,4,0,0,169,154,655,1.0,1.0,2,[],"[0.19008541107177734, 0.12000000476837158, 0.004058837890625]"
919,ROI-0919,742,0.017241379310344827,0.02040816326530612,0.02040816326530612,1,0,0,1,288,273,780,1.0,1.0,118,"[{""ids"": [57, 179], ""points"": 1}]","[0.1855015754699707, 0.0028421878814697266, 0.18403346836566925]"
920,ROI-0920,871,0.017241379310344827,0.02040816326530612,0.02040816326530612,1,0,0,1,281,260,775,1.0,1.0,122,"[{""ids"": [57, 179], ""points"": 1}]","[0.18000030517578125, 0.005607128143310547, 0.17999997735023499]"
921,ROI-0921,671,0.017241379310344827,0.02040816326530612,0.02040816326530612,1,0,0,1,281,266,775,1.0,1.0,118,"[{""ids"": [57, 179], ""points"": 1}]","[0.17999982833862305, 0.002419710159301758, 0.17999999225139618]"
922,ROI-0922,995,0.017241379310344827,0.02040816326530612,0.02040816326530612,1,0,0,1,281,265,775,1.0,1.0,122,"[{""ids"": [57, 179], ""points"": 1}]","[0.17999982833862305, 0.003721475601196289, 0.18000000715255737]"
923,ROI-0923,713,0.017241379310344827,0.02040816326530612,0.02040816326530612,1,0,0,1,281,277,770,1.0,1.0,120,"[{""ids"": [57, 179], ""points"": 1}]","[0.17999982833862305, 0.0018725395202636719, 0.17999999225139618]"
924,ROI-0924,935,0.017241379310344827,0.02040816326530612,0.02040816326530612,1,0,0,1,281,272,770,1.0,1.0,124,"[{""ids"": [57, 179], ""points"": 1}]","[0.18000030517578125, 0.007070779800415039, 0.18000000715255737]"
925,ROI-0925,1064,0.017241379310344827,0.02040816326530612,0.02040816326530612,1,0,0,1,281,274,770,1.0,1.0,121,"[{""ids"": [57, 179], ""points"": 1}]","[0.17999982833862305, 0.003131389617919922, 0.18000000715255737]"
926,ROI-0926,1242,0.017241379310344827,0.02040816326530612,0.02040816326530612,1,0,0,1,281,268,775,1.0,1.0,121,"[{""ids"": [57, 179], ""points"": 1}]","[0.17999982833862305, 0.004462242126464844, 0.18000000715255737]"
927,ROI-0927,800,0.017241379310344827,0.02040816326530612,0.02857142857142857,2,0,0,2,338,328,765,1.0,1.0,118,"[{""ids"": [57, 179], ""points"": 2}]","[0.21000003814697266, 0.0025076866149902344, 0.17999999225139618]"
928,ROI-0928,1071,0.017241379310344827,0.02040816326530612,0.017857142857142856,1,0,0,1,296,295,30,1.0,1.0,87,"[{""ids"": [2, 33], ""points"": 1}]","[0.09902679920196533, 0.18000006675720215, 0.09316718578338623]"
929,ROI-0929,498,0.017241379310344827,0.02040816326530612,0.02040816326530612,1,0,0,1,281,270,760,1.0,1.0,122,"[{""ids"": [57, 179], ""points"": 1}]","[0.17999982833862305, 0.0017879009246826172, 0.17999999225139618]"
930,ROI-0930,1258,0.017241379310344827,0.02040816326530612,0.02040816326530612,1,0,0,1,281,268,755,1.0,1.0,124,"[{""ids"": [57, 179], ""points"": 1}]","[0.17999982833862305, 0.003808736801147461, 0.17999999225139618]"
931,ROI-0931,1267,0.017241379310344827,0.02040816326530612,0.02040816326530612,1,0,0,1,281,268,765,1.0,1.0,124,"[{""ids"": [57, 179], ""points"": 1}]","[0.17999982833862305, 0.0025680065155029297, 0.17999997735023499]"
932,ROI-0932,1180,0.017241379310344827,0.02040816326530612,0.02040816326530612,1,0,0,1,312,286,765,1.0,1.0,125,"[{""ids"": [57, 179], ""points"": 1}]","[0.18154525756835938, 0.008533000946044922, 0.18000000715255737]"
933,ROI-0933,1341,0.017241379310344827,0.02040816326530612,0.02040816326530612,1,0,0,1,281,276,770,1.0,1.0,100,"[{""ids"": [57, 179], ""points"": 1}]","[0.18000030517578125, 0.0017852783203125, 0.18000000715255737]"
934,ROI-0934,367,0.017241379310344827,0.02040816326530612,0.02040816326530612,1,0,0,1,281,253,760,1.0,1.0,116,"[{""ids"": [57, 179], ""points"": 1}]","[0.17999982833862305, 0.0027484893798828125, 0.18000000715255737]"
935,ROI-0935,1310,0.017241379310344827,0.02040816326530612,0.02040816326530612,1,0,0,1,281,262,760,1.0,1.0,127,"[{""ids"": [57, 179], ""points"": 1}]","[0.17999982833862305, 0.0023772716522216797, 0.17999997735023499]"
936,ROI-0936,463,0.017241379310344827,0.02040816326530612,0.02040816326530612,1,0,0,1,281,269,760,1.0,1.0,123,"[{""ids"": [57, 179], ""points"": 1}]","[0.17999982833862305, 0.0033156871795654297, 0.18000000715255737]"
937,ROI-0937,363,0.017241379310344827,0.02040816326530612,0.02040816326530612,1,0,0,1,281,264,760,1.0,1.0,121,"[{""ids"": [57, 179], ""points"": 1}]","[0.17999982833862305, 0.0017735958099365234, 0.17999999225139618]"
938,ROI-0938,891,0.017241379310344827,0.02040816326530612,0.02040816326530612,1,0,0,1,291,282,755,1.0,1.0,131,"[{""ids"": [57, 179], ""points"": 1}]","[0.17999982833862305, 0.013874530792236328, 0.18000000715255737]"
939,ROI-0939,456,0.017241379310344827,0.02040816326530612,0.02040816326530612,1,0,0,1,281,267,765,1.0,1.0,124,"[{""ids"": [57, 179], ""points"": 1}]","[0.18000030517578125, 0.00292205810546875, 0.18000000715255737]"
940,ROI-0940,985,0.017241379310344827,0.02040816326530612,0.02040816326530612,1,0,0,1,281,269,755,1.0,1.0,127,"[{""ids"": [57, 179], ""points"": 1}]","[0.18000030517578125, 0.0035407543182373047, 0.17999997735023499]"
941,ROI-0941,465,0.017241379310344827,0.02040816326530612,0.02040816326530612,1,0,0,1,281,271,755,1.0,1.0,124,"[{""ids"": [57, 179], ""points"": 1}]","[0.17999982833862305, 0.0030167102813720703, 0.17999999225139618]"
942,ROI-0942,987,0.017241379310344827,0.02040816326530612,0.02040816326530612,1,0,0,1,289,283,750,1.0,1.0,114,"[{""ids"": [57, 179], ""points"": 1}]","[0.18065881729125977, 0.0043413639068603516, 0.18000000715255737]"
943,ROI-0943,523,0.017241379310344827,0.02040816326530612,0.02040816326530612,1,0,0,1,281,267,760,1.0,1.0,125,"[{""ids"": [57, 179], ""points"": 1}]","[0.17999982833862305, 0.0035407543182373047, 0.17999997735023499]"
944,ROI-0944,892,0.017241379310344827,0.02040816326530612,0.02040816326530612,1,0,0,1,298,293,755,1.0,1.0,138,"[{""ids"": [57, 179], ""points"": 1}]","[0.1808481216430664, 0.012099981307983398, 0.18000000715255737]"
945,ROI-0945,424,0.017241379310344827,0.02040816326530612,0.017543859649122806,1,0,0,1,302,248,1045,1.0,1.0,71,"[{""ids"": [179, 186], ""points"": 1}]","[0.08883094787597656, 0.1799999475479126, 0.10534724593162537]"
946,ROI-0946,1201,0.017241379310344827,0.02040816326530612,0.02040816326530612,1,0,0,1,281,267,760,1.0,1.0,100,"[{""ids"": [57, 179], ""points"": 1}]","[0.18000030517578125, 0.0023660659790039062, 0.18000000715255737]"
947,ROI-0947,502,0.017241379310344827,0.02040816326530612,0.017857142857142856,1,0,0,1,327,326,565,1.0,1.0,73,"[{""ids"": [2, 33], ""points"": 1}]","[0.18000030517578125, 0.10039055347442627, 0.09487569332122803]"
948,ROI-0948,1090,0.017241379310344827,0.02040816326530612,0.02040816326530612,1,0,0,1,322,306,755,1.0,1.0,123,"[{""ids"": [57, 179], ""points"": 1}]","[0.18000030517578125, 0.01662898063659668, 0.17999999225139618]"
949,ROI-0949,1300,0.017241379310344827,0.02040816326530612,0.02040816326530612,1,0,0,1,311,295,755,1.0,1.0,101,"[{""ids"": [57, 179], ""points"": 1}]","[0.17999982833862305, 0.01696491241455078, 0.18000000715255737]"
950,ROI-0950,696,0.017241379310344827,0.02040816326530612,0.02040816326530612,1,0,0,1,281,280,650,1.0,1.0,47,"[{""ids"": [33, 195], ""points"": 1}]","[0.18000006675720215, 0.18000000715255737, 0.0058242082595825195]"
951,ROI-0951,952,0.017241379310344827,0.02040816326530612,0.02040816326530612,1,0,0,1,279,237,200,1.0,1.0,37,"[{""ids"": [13, 15], ""points"": 1}]","[0.18113267421722412, 0.18000006675720215, 0.008923768997192383]"
952,ROI-0952,867,0.017241379310344827,0.02040816326530612,0.02040816326530612,1,0,0,1,289,286,610,1.0,1.0,190,"[{""ids"": [2, 179], ""points"": 1}]","[0.13529539108276367, 0.05994081497192383, 0.17999999225139618]"
953,ROI-0953,1315,0.017241379310344827,0.02040816326530612,0.02040816326530612,1,0,0,1,283,280,725,1.0,1.0,84,"[{""ids"": [33, 210], ""points"": 1}]","[0.18000030517578125, 0.1851046085357666, 0.007939338684082031]"
954,ROI-0954,876,0.017241379310344827,0.02040816326530612,0.017543859649122806,1,0,0,1,317,307,0,1.0,1.0,104,"[{""ids"": [7, 20], ""points"": 1}]","[0.17999997735023499, 0.18157780170440674, 0.017355263233184814]"
955,ROI-0955,877,0.017241379310344827,0.02040816326530612,0.02040816326530612,1,0,0,1,283,279,725,1.0,1.0,73,"[{""ids"": [33, 210], ""points"": 1}]","[0.17999982833862305, 0.18610548973083496, 0.007289886474609375]"
956,ROI-0956,486,0.017241379310344827,0.02040816326530612,0.02040816326530612,1,0,0,1,281,273,725,1.0,1.0,88,"[{""ids"": [33, 210], ""points"": 1}]","[0.17999982833862305, 0.18000006675720215, 0.007326960563659668]"
957,ROI-0957,466,0.017241379310344827,0.02040816326530612,0.02040816326530612,1,0,0,1,281,272,45,1.0,1.0,35,"[{""ids"": [33, 37], ""points"": 1}]","[0.1799999475479126, 0.18000000715255737, 0.005280613899230957]"
958,ROI-0958,1130,0.017241379310344827,0.02040816326530612,0.02040816326530612,1,0,0,1,281,279,45,1.0,1.0,42,"[{""ids"": [33, 37], ""points"": 1}]","[0.18000000715255737, 0.1799999475479126, 0.008221983909606934]"
959,ROI-0959,980,0.017241379310344827,0.02040816326530612,0.02040816326530612,1,0,0,1,281,278,725,1.0,1.0,78,"[{""ids"": [33, 210], ""points"": 1}]","[0.18000030517578125, 0.18000006675720215, 0.007588386535644531]"
960,ROI-0960,1202,0.017241379310344827,0.02040816326530612,0.02040816326530612,1,0,0,1,296,252,700,1.0,1.0,92,"[{""ids"": [33, 210], ""points"": 1}]","[0.18000030517578125, 0.1799999475479126, 0.007566094398498535]"
961,ROI-0961,1286,0.017241379310344827,0.02040816326530612,0.02040816326530612,1,0,0,1,309,285,710,1.0,1.0,75,"[{""ids"": [2, 186], ""points"": 1}]","[0.1867842674255371, 0.1799999475479126, 0.02470862865447998]"
962,ROI-0962,1044,0.017241379310344827,0.02040816326530612,0.02040816326530612,1,0,0,1,315,282,710,1.0,1.0,44,"[{""ids"": [33, 210], ""points"": 1}]","[0.18000030517578125, 0.18000006675720215, 0.01206958293914795]"
963,ROI-0963,1074,0.017094017094017096,0.022222222222222223,0.016260162601626018,2,2,0,0,175,131,1630,1.0,1.0,8,[],"[0.05900120735168457, 0.08291339874267578, 0.11000001430511475]"
964,ROI-0964,842,0.017094017094017092,0.01932367149758454,0.030864197530864196,5,0,5,0,443,416,510,1.0,1.0,49,[],"[0.16000008583068848, 0.053482651710510254, 0.22436723113059998]"
965,ROI-0965,420,0.017045454545454544,0.0189873417721519,0.022222222222222223,2,0,0,2,464,456,505,1.0,1.0,100,"[{""ids"": [14, 28], ""points"": 2}]","[0.1977531909942627, 0.18409870564937592, 0.09578192234039307]"
966,ROI-0966,1323,0.017045454545454544,0.0189873417721519,0.020833333333333332,2,0,0,2,451,442,1055,1.0,1.0,87,"[{""ids"": [172, 181], ""points"": 2}]","[0.18452858924865723, 0.1899999976158142, 0.0729028582572937]"
967,ROI-0967,380,0.017006802721088433,0.020833333333333332,0.01818181818181818,2,1,1,0,471,417,15,1.0,1.0,101,[],"[0.1303553581237793, 0.17671287059783936, 0.07644855976104736]"
968,ROI-0968,1161,0.01694915254237288,0.02,0.016129032258064516,1,0,0,1,355,354,755,1.0,1.0,122,"[{""ids"": [172, 187], ""points"": 1}]","[0.17999982833862305, 0.18000006675720215, 0.04432880878448486]"
969,ROI-0969,903,0.01694915254237288,0.02,0.015873015873015872,1,0,0,1,323,319,0,1.0,1.0,109,"[{""ids"": [2, 19], ""points"": 1}]","[0.028509557247161865, 0.1799999475479126, 0.17999997735023499]"
970,ROI-0970,1101,0.01694915254237288,0.02,0.019230769230769232,1,0,0,1,340,327,40,1.0,1.0,29,"[{""ids"": [33, 37], ""points"": 1}]","[0.18372023105621338, 0.18000000715255737, 0.008841991424560547]"
971,ROI-0971,723,0.016853932584269662,0.01875,0.02197802197802198,2,0,0,2,542,534,0,1.0,1.0,100,"[{""ids"": [4, 7], ""points"": 2}]","[0.18000003695487976, 0.21293318271636963, 0.08166146278381348]"
972,ROI-0972,812,0.01666666666666667,0.021505376344086023,0.021505376344086023,1,0,1,0,155,148,615,1.0,1.0,3,[],"[0.09999990463256836, 0.1588192582130432, 0.046259164810180664]"
973,ROI-0973,1007,0.016666666666666666,0.0196078431372549,0.016666666666666666,1,0,0,1,337,334,0,1.0,1.0,97,"[{""ids"": [2, 13], ""points"": 1}]","[0.09380441904067993, 0.18000006675720215, 0.10425698757171631]"
974,ROI-0974,1150,0.016666666666666666,0.0196078431372549,0.0196078431372549,1,0,0,1,302,288,715,1.0,1.0,70,"[{""ids"": [33, 210], ""points"": 1}]","[0.17999982833862305, 0.18000006675720215, 0.012607216835021973]"
975,ROI-0975,610,0.016339869281045753,0.022222222222222223,0.052083333333333336,2,0,1,1,205,201,470,1.0,1.0,4,"[{""ids"": [2, 18], ""points"": 1}]","[0.1400001049041748, 0.00420534610748291, 0.16999995708465576]"
976,ROI-0976,910,0.016260162601626015,0.020833333333333332,0.020833333333333332,1,0,1,0,166,165,790,1.0,1.0,3,[],"[0.1700000762939453, 0.12000000476837158, 0.004371285438537598]"
977,ROI-0977,1105,0.016129032258064516,0.018867924528301886,0.017543859649122806,1,0,0,1,339,335,695,1.0,1.0,93,"[{""ids"": [33, 210], ""points"": 1}]","[0.17999982833862305, 0.1799999475479126, 0.005727171897888184]"
978,ROI-0978,1075,0.016129032258064516,0.018867924528301886,0.014705882352941176,1,0,0,1,340,324,750,1.0,1.0,133,"[{""ids"": [57, 179], ""points"": 1}]","[0.18181991577148438, 0.013225555419921875, 0.17999999225139618]"
979,ROI-0979,878,0.016103059581320453,0.01851851851851852,0.02252252252252252,4,3,1,0,409,350,1995,1.0,1.0,7,[],"[0.19000005722045898, 0.20421481132507324, 0.0036122798919677734]"
980,ROI-0980,1050,0.016025641025641024,0.017543859649122806,0.04132231404958678,5,0,0,5,447,439,535,1.0,1.0,53,"[{""ids"": [2, 12], ""points"": 5}]","[0.23000001907348633, 0.0528569221496582, 0.15999996662139893]"
981,ROI-0981,1279,0.016007532956685496,0.018888888888888886,0.03482587064676617,3,1,0,2,414,383,770,1.0,1.0,118,"[{""ids"": [57, 179], ""points"": 2}]","[0.21000003814697266, 0.0016524791717529297, 0.18368980288505554]"
982,ROI-0982,1219,0.015873015873015876,0.020202020202020204,0.0196078431372549,1,0,1,0,197,188,95,1.0,1.0,3,[],"[0.12000000476837158, 0.17262905836105347, 0.004044651985168457]"
983,ROI-0983,1128,0.015873015873015872,0.018518518518518517,0.02702702702702703,2,0,0,2,340,325,760,1.0,1.0,127,"[{""ids"": [57, 179], ""points"": 2}]","[0.19000005722045898, 0.002931833267211914, 0.21000000834465027]"
984,ROI-0984,537,0.015873015873015872,0.018518518518518517,0.01639344262295082,1,0,0,1,316,314,550,1.0,1.0,47,"[{""ids"": [2, 33], ""points"": 1}]","[0.18000006675720215, 0.10224437713623047, 0.09979021549224854]"
985,ROI-0985,455,0.015873015873015872,0.018518518518518517,0.017857142857142856,1,0,0,1,376,369,610,1.0,1.0,176,"[{""ids"": [2, 179], ""points"": 1}]","[0.13403892517089844, 0.06495082378387451, 0.18000000715255737]"
986,ROI-0986,957,0.015873015873015872,0.017361111111111112,0.01639344262295082,5,4,1,0,441,429,555,0.2,0.2,82,[],"[0.19999980926513672, 0.05550122261047363, 0.19999998807907104]"
987,ROI-0987,945,0.01568627450980392,0.017543859649122806,0.02197802197802198,2,0,0,2,542,510,740,1.0,1.0,129,"[{""ids"": [174, 187], ""points"": 2}]","[0.1970655918121338, 0.17337220907211304, 0.11087155342102051]"
988,ROI-0988,716,0.015625,0.01818181818181818,0.024390243902439025,2,0,0,2,362,349,775,1.0,1.0,121,"[{""ids"": [57, 179], ""points"": 2}]","[0.21000003814697266, 0.0025603771209716797, 0.20999999344348907]"
989,ROI-0989,1039,0.015625,0.01818181818181818,0.015384615384615385,1,0,0,1,319,317,570,1.0,1.0,84,"[{""ids"": [2, 33], ""points"": 1}]","[0.18000030517578125, 0.102364182472229, 0.09359979629516602]"
990,ROI-0990,1320,0.015625,0.01818181818181818,0.014705882352941176,1,0,0,1,376,368,1745,1.0,1.0,50,"[{""ids"": [13, 322], ""points"": 1}]","[0.17999982833862305, 0.1512598991394043, 0.10318934917449951]"
991,ROI-0991,1011,0.015384615384615385,0.017857142857142856,0.017857142857142856,1,0,0,1,297,290,610,1.0,1.0,188,"[{""ids"": [2, 13], ""points"": 1}]","[0.08870220184326172, 0.1799999475479126, 0.10957956314086914]"
992,ROI-0992,726,0.015384615384615385,0.017857142857142856,0.017857142857142856,1,0,0,1,342,337,605,1.0,1.0,175,"[{""ids"": [2, 13], ""points"": 1}]","[0.08782100677490234, 0.18000000715255737, 0.11109650135040283]"
993,ROI-0993,1274,0.015384615384615385,0.017857142857142856,0.01694915254237288,1,0,0,1,346,315,790,1.0,1.0,74,"[{""ids"": [57, 179], ""points"": 1}]","[0.18954920768737793, 0.002032756805419922, 0.18382304906845093]"
994,ROI-0994,904,0.015384615384615385,0.017857142857142856,0.017543859649122806,1,0,0,1,324,315,720,1.0,1.0,176,"[{""ids"": [2, 13], ""points"": 1}]","[0.09489154815673828, 0.1800675392150879, 0.12008249759674072]"
995,ROI-0995,1275,0.015384615384615385,0.017857142857142856,0.01694915254237288,1,0,0,1,342,320,790,1.0,1.0,69,"[{""ids"": [57, 179], ""points"": 1}]","[0.18414998054504395, 0.002008676528930664, 0.18608146905899048]"
996,ROI-0996,827,0.015384615384615385,0.017857142857142856,0.03125,2,0,0,2,321,319,550,1.0,1.0,26,"[{""ids"": [2, 33], ""points"": 2}]","[0.19000005722045898, 0.09634196758270264, 0.0946969985961914]"
997,ROI-0997,1149,0.015384615384615385,0.017857142857142856,0.015873015873015872,1,0,0,1,318,311,0,1.0,1.0,111,"[{""ids"": [2, 19], ""points"": 1}]","[0.019078612327575684, 0.18000000715255737, 0.18000000715255737]"
998,ROI-0998,458,0.015384615384615385,0.017857142857142856,0.017241379310344827,1,0,0,1,366,362,610,1.0,1.0,176,"[{""ids"": [2, 179], ""points"": 1}]","[0.13403892517089844, 0.06342077255249023, 0.18000006675720215]"
999,ROI-0999,858,0.015384615384615385,0.017857142857142856,0.017241379310344827,1,0,0,1,372,370,610,1.0,1.0,180,"[{""ids"": [2, 179], ""points"": 1}]","[0.13349390029907227, 0.061402320861816406, 0.1799999475479126]"
1000,ROI-1000,1165,0.015384615384615385,0.017857142857142856,0.017241379310344827,1,0,0,1,309,306,710,1.0,1.0,76,"[{""ids"": [33, 210], ""points"": 1}]","[0.17999982833862305, 0.18000006675720215, 0.012809395790100098]"
1001,ROI-1001,369,0.015384615384615385,0.017857142857142856,0.03125,2,0,0,2,338,336,10,1.0,1.0,91,"[{""ids"": [2, 10], ""points"": 2}]","[0.18000000715255737, 0.009793519973754883, 0.1899999976158142]"
1002,ROI-1002,379,0.015151515151515152,0.017543859649122806,0.03225806451612903,2,0,0,2,400,396,510,1.0,1.0,100,"[{""ids"": [14, 28], ""points"": 2}]","[0.19000005722045898, 0.15000000596046448, 0.09426689147949219]"
1003,ROI-1003,929,0.015151515151515152,0.020833333333333332,0.02040816326530612,1,0,0,1,281,274,770,1.0,1.0,100,"[{""ids"": [57, 179], ""points"": 1}]","[0.18000030517578125, 0.0020554065704345703, 0.18000000715255737]"
1004,ROI-1004,417,0.015151515151515152,0.017543859649122806,0.017543859649122806,1,0,0,1,376,337,770,1.0,1.0,118,"[{""ids"": [57, 179], ""points"": 1}]","[0.18036317825317383, 0.001840353012084961, 0.1899999976158142]"
1005,ROI-1005,1330,0.015151515151515152,0.018115942028985508,0.027210884353741496,2,1,0,1,301,288,860,1.0,1.0,114,"[{""ids"": [57, 179], ""points"": 1}]","[0.19000005722045898, 0.002684354782104492, 0.18000000715255737]"
1006,ROI-1006,790,0.015151515151515152,0.017543859649122806,0.017543859649122806,1,0,0,1,303,288,705,1.0,1.0,69,"[{""ids"": [33, 210], ""points"": 1}]","[0.18000030517578125, 0.18000006675720215, 0.011797547340393066]"
1007,ROI-1007,569,0.015151515151515152,0.020833333333333332,0.024390243902439025,1,0,0,1,261,178,1600,1.0,1.0,2,"[{""ids"": [80, 216], ""points"": 1}]","[0.13386154174804688, 0.08820700645446777, 0.0899999737739563]"
1008,ROI-1008,652,0.014957264957264956,0.015873015873015872,0.028169014084507043,6,0,0,6,739,720,810,1.0,1.0,100,"[{""ids"": [80, 216], ""points"": 6}]","[0.20177054405212402, 0.1000223159790039, 0.2872551679611206]"
1009,ROI-1009,522,0.014925373134328358,0.017241379310344827,0.013888888888888888,1,0,0,1,412,406,580,1.0,1.0,225,"[{""ids"": [14, 162], ""points"": 1}]","[0.1700000762939453, 0.11757904291152954, 0.11462664604187012]"
1010,ROI-1010,1166,0.014925373134328358,0.017241379310344827,0.013888888888888888,1,0,0,1,327,323,25,1.0,1.0,79,"[{""ids"": [2, 12], ""points"": 1}]","[0.18000006675720215, 0.04604947566986084, 0.18000000715255737]"
1011,ROI-1011,1017,0.014925373134328358,0.017241379310344827,0.030303030303030304,2,0,0,2,354,334,725,1.0,1.0,124,"[{""ids"": [2, 33], ""points"": 2}]","[0.15000009536743164, 0.19000005722045898, 0.09845852851867676]"
1012,ROI-1012,575,0.014925373134328358,0.017241379310344827,0.024390243902439025,2,0,0,2,378,373,0,1.0,1.0,110,"[{""ids"": [10, 19], ""points"": 2}]","[0.17999999225139618, 0.011742591857910156, 0.19336268305778503]"
1013,ROI-1013,743,0.014925373134328358,0.017241379310344827,0.013888888888888888,1,0,0,1,329,327,45,1.0,1.0,67,"[{""ids"": [2, 12], ""points"": 1}]","[0.18000006675720215, 0.0451664924621582, 0.18000000715255737]"
1014,ROI-1014,1233,0.014705882352941176,0.01694915254237288,0.01694915254237288,1,0,0,1,312,308,120,1.0,1.0,93,"[{""ids"": [2, 13], ""points"": 1}]","[0.18000000715255737, 0.09853172302246094, 0.11892235279083252]"
1015,ROI-1015,973,0.014705882352941176,0.01694915254237288,0.01694915254237288,1,0,0,1,345,336,725,1.0,1.0,76,"[{""ids"": [2, 13], ""points"": 1}]","[0.0920724868774414, 0.1799999475479126, 0.11118805408477783]"
1016,ROI-1016,1328,0.014705882352941176,0.01694915254237288,0.014925373134328358,1,0,0,1,330,323,695,1.0,1.0,99,"[{""ids"": [33, 210], ""points"": 1}]","[0.17999982833862305, 0.1799999475479126, 0.006280183792114258]"
1017,ROI-1017,860,0.014705882352941176,0.01694915254237288,0.029411764705882353,2,0,0,2,331,329,85,1.0,1.0,30,"[{""ids"": [2, 33], ""points"": 2}]","[0.19000005722045898, 0.10588967800140381, 0.09293961524963379]"
1018,ROI-1018,870,0.014705882352941176,0.01694915254237288,0.013333333333333334,1,0,0,1,419,395,640,1.0,1.0,90,"[{""ids"": [182, 190], ""points"": 1}]","[0.1582956314086914, 0.07632803916931152, 0.14383554458618164]"
1019,ROI-1019,1158,0.014492753623188406,0.016666666666666666,0.028169014084507043,2,0,0,2,437,373,945,1.0,1.0,49,"[{""ids"": [13, 322], ""points"": 2}]","[0.19000005722045898, 0.1611785888671875, 0.10289597511291504]"
1020,ROI-1020,178,0.014492753623188406,0.016666666666666666,0.014925373134328358,1,0,0,1,297,294,990,1.0,1.0,5,"[{""ids"": [2, 13], ""points"": 1}]","[0.1809685230255127, 0.1014397144317627, 0.10377025604248047]"
1021,ROI-1021,690,0.014084507042253521,0.016129032258064516,0.016129032258064516,1,0,0,1,312,311,130,1.0,1.0,77,"[{""ids"": [2, 13], ""points"": 1}]","[0.1799999475479126, 0.0888369083404541, 0.1188575029373169]"
1022,ROI-1022,1108,0.013888888888888888,0.015873015873015872,0.015873015873015872,1,0,0,1,312,309,135,1.0,1.0,73,"[{""ids"": [2, 13], ""points"": 1}]","[0.18000006675720215, 0.0878300666809082, 0.1187434196472168]"
1023,ROI-1023,1144,0.013888888888888888,0.015873015873015872,0.015873015873015872,1,0,0,1,334,333,145,1.0,1.0,63,"[{""ids"": [2, 13], ""points"": 1}]","[0.18000006675720215, 0.08687067031860352, 0.11768841743469238]"
1024,ROI-1024,1072,0.0136986301369863,0.015625,0.014285714285714285,1,0,0,1,368,365,920,1.0,1.0,85,"[{""ids"": [2, 13], ""points"": 1}]","[0.09257793426513672, 0.17999999225139618, 0.1066209077835083]"
1025,ROI-1025,642,0.0136986301369863,0.015625,0.0136986301369863,1,0,0,1,358,350,165,1.0,1.0,55,"[{""ids"": [2, 13], ""points"": 1}]","[0.18217337131500244, 0.085357666015625, 0.11580288410186768]"
1026,ROI-1026,641,0.0136986301369863,0.015625,0.014705882352941176,1,0,0,1,355,353,165,1.0,1.0,57,"[{""ids"": [2, 13], ""points"": 1}]","[0.18000006675720215, 0.08570718765258789, 0.1163632869720459]"
1027,ROI-1027,856,0.0136986301369863,0.015625,0.014925373134328358,1,0,0,1,353,349,0,1.0,1.0,68,"[{""ids"": [13, 15], ""points"": 1}]","[0.18000006675720215, 0.17999999225139618, 0.017513513565063477]"
1028,ROI-1028,392,0.013605442176870748,0.016666666666666666,0.016666666666666666,1,0,1,0,155,154,1510,1.0,1.0,6,[],"[0.004730224609375, 0.10000002384185791, 0.18000000715255737]"
1029,ROI-1029,1196,0.013605442176870748,0.016666666666666666,0.016666666666666666,1,0,1,0,175,173,1080,1.0,1.0,22,[],"[0.17999982833862305, 0.12000000476837158, 0.0027000904083251953]"
1030,ROI-1030,939,0.013513513513513514,0.017857142857142856,0.02040816326530612,1,0,0,1,281,269,775,1.0,1.0,118,"[{""ids"": [57, 179], ""points"": 1}]","[0.17999982833862305, 0.00217437744140625, 0.17999999225139618]"
1031,ROI-1031,938,0.013513513513513514,0.017857142857142856,0.02040816326530612,1,0,0,1,281,267,775,1.0,1.0,120,"[{""ids"": [57, 179], ""points"": 1}]","[0.17999982833862305, 0.0023200511932373047, 0.17999999225139618]"
1032,ROI-1032,1257,0.013513513513513514,0.017857142857142856,0.02040816326530612,1,0,0,1,309,286,775,1.0,1.0,117,"[{""ids"": [57, 179], ""points"": 1}]","[0.17999982833862305, 0.0018341541290283203, 0.18000000715255737]"
1033,ROI-1033,714,0.013513513513513514,0.017857142857142856,0.02040816326530612,1,0,0,1,281,271,775,1.0,1.0,121,"[{""ids"": [57, 179], ""points"": 1}]","[0.18000030517578125, 0.0032587051391601562, 0.18000000715255737]"
1034,ROI-1034,948,0.013513513513513514,0.017857142857142856,0.02040816326530612,1,0,0,1,281,277,770,1.0,1.0,115,"[{""ids"": [57, 179], ""points"": 1}]","[0.18000030517578125, 0.0021920204162597656, 0.17999999225139618]"
1035,ROI-1035,1331,0.013513513513513514,0.017857142857142856,0.02040816326530612,1,0,0,1,281,274,765,1.0,1.0,118,"[{""ids"": [57, 179], ""points"": 1}]","[0.17999982833862305, 0.0021219253540039062, 0.17999999225139618]"
1036,ROI-1036,651,0.013513513513513514,0.017857142857142856,0.02040816326530612,1,0,0,1,291,279,765,1.0,1.0,120,"[{""ids"": [57, 179], ""points"": 1}]","[0.17999982833862305, 0.003075122833251953, 0.17999999225139618]"
1037,ROI-1037,760,0.013513513513513514,0.017857142857142856,0.02040816326530612,1,0,0,1,292,283,765,1.0,1.0,120,"[{""ids"": [57, 179], ""points"": 1}]","[0.17999982833862305, 0.0022470951080322266, 0.17999999225139618]"
1038,ROI-1038,1115,0.013513513513513514,0.017857142857142856,0.02040816326530612,1,0,0,1,317,297,765,1.0,1.0,122,"[{""ids"": [57, 179], ""points"": 1}]","[0.1881237030029297, 0.0034971237182617188, 0.18000000715255737]"
1039,ROI-1039,1209,0.013513513513513514,0.017857142857142856,0.02040816326530612,1,0,0,1,281,271,760,1.0,1.0,123,"[{""ids"": [57, 179], ""points"": 1}]","[0.17999982833862305, 0.002481698989868164, 0.17999999225139618]"
1040,ROI-1040,1185,0.013513513513513514,0.017857142857142856,0.02040816326530612,1,0,0,1,281,278,770,1.0,1.0,99,"[{""ids"": [57, 179], ""points"": 1}]","[0.17999982833862305, 0.002112150192260742, 0.18000000715255737]"
1041,ROI-1041,1084,0.013513513513513514,0.017857142857142856,0.02040816326530612,1,0,0,1,281,271,760,1.0,1.0,121,"[{""ids"": [57, 179], ""points"": 1}]","[0.18000030517578125, 0.002560138702392578, 0.17999999225139618]"
1042,ROI-1042,1260,0.013513513513513514,0.015384615384615385,0.0125,1,0,0,1,422,404,1065,1.0,1.0,54,"[{""ids"": [80, 216], ""points"": 1}]","[0.18000006675720215, 0.06709170341491699, 0.1799999475479126]"
1043,ROI-1043,1195,0.013513513513513514,0.015384615384615385,0.023255813953488372,2,0,0,2,382,374,640,1.0,1.0,45,"[{""ids"": [33, 195], ""points"": 2}]","[0.19999980926513672, 0.18999998271465302, 0.007576942443847656]"
1044,ROI-1044,1306,0.013333333333333334,0.015151515151515152,0.020833333333333332,2,0,0,2,426,411,720,1.0,1.0,194,"[{""ids"": [179, 186], ""points"": 2}]","[0.12437915802001953, 0.0946352481842041, 0.20999997854232788]"
1045,ROI-1045,797,0.013333333333333334,0.015151515151515152,0.0136986301369863,1,0,0,1,340,339,15,1.0,1.0,105,"[{""ids"": [2, 10], ""points"": 1}]","[0.17999999225139618, 0.014039397239685059, 0.1799999475479126]"
1046,ROI-1046,1110,0.013333333333333334,0.015151515151515152,0.015151515151515152,1,0,0,1,321,317,0,1.0,1.0,113,"[{""ids"": [2, 19], ""points"": 1}]","[0.01942157745361328, 0.18000000715255737, 0.1899999976158142]"
1047,ROI-1047,888,0.013157894736842105,0.014925373134328358,0.011494252873563218,1,0,0,1,451,442,580,1.0,1.0,204,"[{""ids"": [14, 162], ""points"": 1}]","[0.15000009536743164, 0.11298041045665741, 0.14661931991577148]"
1048,ROI-1048,1314,0.013157894736842105,0.014925373134328358,0.014084507042253521,1,0,0,1,422,416,1040,1.0,1.0,68,"[{""ids"": [172, 181], ""points"": 1}]","[0.15162158012390137, 0.18000000715255737, 0.07572805881500244]"
1049,ROI-1049,916,0.013157894736842105,0.017241379310344827,0.0196078431372549,1,0,0,1,335,312,770,1.0,1.0,121,"[{""ids"": [57, 179], ""points"": 1}]","[0.18000030517578125, 0.0018777847290039062, 0.185013085603714]"
1050,ROI-1050,606,0.013157894736842105,0.017241379310344827,0.02,1,0,0,1,302,288,730,1.0,1.0,62,"[{""ids"": [33, 223], ""points"": 1}]","[0.17999982833862305, 0.17999982833862305, 0.012608647346496582]"
1051,ROI-1051,546,0.0130718954248366,0.015873015873015872,0.011299435028248588,1,0,1,0,390,337,765,1.0,1.0,45,[],"[0.17999982833862305, 0.1515820026397705, 0.03478896617889404]"
1052,ROI-1052,1040,0.012987012987012988,0.014705882352941176,0.012987012987012988,1,0,0,1,472,458,935,1.0,1.0,65,"[{""ids"": [13, 216], ""points"": 1}]","[0.18000006675720215, 0.17487263679504395, 0.10177350044250488]"
1053,ROI-1053,1032,0.01282051282051282,0.014035087719298246,0.020689655172413793,3,0,0,3,600,592,550,1.0,1.0,167,"[{""ids"": [14, 160], ""points"": 3}]","[0.10767579078674316, 0.16537389159202576, 0.24604791402816772]"
1054,ROI-1054,1215,0.01282051282051282,0.014492753623188406,0.013888888888888888,1,0,0,1,339,338,15,1.0,1.0,105,"[{""ids"": [2, 10], ""points"": 1}]","[0.18000000715255737, 0.014952540397644043, 0.1799999475479126]"
1055,ROI-1055,1304,0.012578616352201259,0.015151515151515152,0.010582010582010581,1,0,1,0,288,287,660,1.0,1.0,4,[],"[0.18000006675720215, 0.14000000059604645, 0.004244089126586914]"
1056,ROI-1056,1125,0.012345679012345678,0.018518518518518517,0.028985507246376812,1,0,1,0,91,88,1525,1.0,1.0,3,[],"[0.1099996566772461, 0.0033528804779052734, 0.10000002384185791]"
1057,ROI-1057,818,0.012048192771084338,0.013513513513513514,0.012987012987012988,1,0,0,1,453,413,935,1.0,1.0,64,"[{""ids"": [13, 216], ""points"": 1}]","[0.18514275550842285, 0.16598296165466309, 0.10319685935974121]"
1058,ROI-1058,1160,0.012048192771084338,0.013513513513513514,0.01568627450980392,2,0,2,0,362,335,1195,1.0,1.0,13,[],"[0.19000005722045898, 0.19468283653259277, 0.01218879222869873]"
1059,ROI-1059,378,0.011904761904761904,0.014184397163120567,0.012121212121212121,1,0,1,0,417,388,0,1.0,1.0,102,[],"[0.14089035987854004, 0.17246460914611816, 0.07536017894744873]"
1060,ROI-1060,1124,0.011764705882352941,0.013157894736842105,0.019417475728155338,2,0,0,2,410,398,40,1.0,1.0,37,"[{""ids"": [2, 39], ""points"": 2}]","[0.2099999189376831, 0.09813356399536133, 0.1126554012298584]"
1061,ROI-1061,658,0.011494252873563218,0.013605442176870748,0.013605442176870748,1,0,1,0,281,280,1170,1.0,1.0,19,[],"[0.18000030517578125, 0.18000006675720215, 0.0046929121017456055]"
1062,ROI-1062,924,0.011494252873563218,0.013605442176870748,0.013605442176870748,1,0,1,0,281,266,1955,1.0,1.0,9,[],"[0.18000006675720215, 0.17999982833862305, 0.005211472511291504]"
1063,ROI-1063,1299,0.011494252873563218,0.013605442176870748,0.011299435028248588,1,0,1,0,329,328,780,1.0,1.0,79,[],"[0.17999982833862305, 0.016611099243164062, 0.18000000715255737]"
1064,ROI-1064,1350,0.011494252873563218,0.016666666666666666,0.015873015873015872,1,1,0,0,135,123,780,1.0,1.0,5,[],"[0.09999990463256836, 0.12086105346679688, 0.08999991416931152]"
1065,ROI-1065,983,0.011415525114155252,0.012165450121654502,0.01904761904761905,10,10,0,0,557,544,10,1.0,1.0,118,[],"[0.026189088821411133, 0.18000006675720215, 0.2800000309944153]"
1066,ROI-1066,1113,0.011363636363636364,0.014285714285714285,0.02040816326530612,1,0,0,1,285,279,770,1.0,1.0,115,"[{""ids"": [57, 179], ""points"": 1}]","[0.18000030517578125, 0.002279043197631836, 0.17999997735023499]"
1067,ROI-1067,937,0.011363636363636364,0.014285714285714285,0.02040816326530612,1,0,0,1,300,285,770,1.0,1.0,122,"[{""ids"": [57, 179], ""points"": 1}]","[0.17999982833862305, 0.0032672882080078125, 0.17999997735023499]"
1068,ROI-1068,1153,0.011363636363636364,0.014285714285714285,0.02040816326530612,1,0,0,1,304,294,645,1.0,1.0,70,"[{""ids"": [33, 195], ""points"": 1}]","[0.17999982833862305, 0.18986064195632935, 0.0076874494552612305]"
1069,ROI-1069,1198,0.011363636363636364,0.014285714285714285,0.02040816326530612,1,0,0,1,333,278,0,1.0,1.0,122,"[{""ids"": [10, 19], ""points"": 1}]","[0.1639506220817566, 0.04590332508087158, 0.18000000715255737]"
1070,ROI-1070,1043,0.011363636363636364,0.014285714285714285,0.023809523809523808,1,0,0,1,302,301,560,1.0,1.0,67,"[{""ids"": [2, 33], ""points"": 1}]","[0.19000005722045898, 0.0985100269317627, 0.09570765495300293]"
1071,ROI-1071,1112,0.011111111111111112,0.013888888888888888,0.02040816326530612,1,0,0,1,317,301,770,1.0,1.0,115,"[{""ids"": [57, 179], ""points"": 1}]","[0.17999982833862305, 0.002467632293701172, 0.18454107642173767]"
1072,ROI-1072,792,0.01092896174863388,0.01282051282051282,0.011695906432748537,1,0,1,0,321,320,935,1.0,1.0,42,[],"[0.18000006675720215, 0.18403124809265137, 0.008124113082885742]"
1073,ROI-1073,1058,0.01092896174863388,0.01282051282051282,0.012121212121212121,1,0,1,0,299,274,1230,1.0,1.0,11,[],"[0.17999982833862305, 0.17999982833862305, 0.00342404842376709]"
1074,ROI-1074,436,0.010822510822510824,0.012254901960784314,0.013513513513513514,3,3,0,0,406,403,1655,1.0,1.0,37,[],"[0.0866556167602539, 0.18475231528282166, 0.18000000715255737]"
1075,ROI-1075,964,0.010582010582010581,0.012345679012345678,0.010582010582010581,1,0,1,0,360,359,1665,1.0,1.0,21,[],"[0.05299949645996094, 0.15742751955986023, 0.17121350765228271]"
1076,ROI-1076,1204,0.010582010582010581,0.012345679012345678,0.010416666666666666,1,0,1,0,351,333,730,1.0,1.0,57,[],"[0.182647705078125, 0.18336641788482666, 0.025477886199951172]"
1077,ROI-1077,837,0.010416666666666666,0.014492753623188406,0.016260162601626018,1,0,1,0,180,176,1505,1.0,1.0,4,[],"[0.16000032424926758, 0.15999998152256012, 0.007210731506347656]"
1078,ROI-1078,1068,0.010256410256410256,0.011904761904761904,0.01092896174863388,1,0,1,0,311,310,555,1.0,1.0,11,[],"[0.009640932083129883, 0.1799999475479126, 0.18000000715255737]"
1079,ROI-1079,826,0.01020408163265306,0.0125,0.01818181818181818,1,0,0,1,308,300,650,1.0,1.0,69,"[{""ids"": [33, 195], ""points"": 1}]","[0.17999982833862305, 0.18837207555770874, 0.00972437858581543]"
1080,ROI-1080,1173,0.0101010101010101,0.011695906432748537,0.009950248756218905,1,0,1,0,354,348,310,1.0,1.0,45,[],"[0.18017911911010742, 0.18000006675720215, 0.013844966888427734]"
1081,ROI-1081,1213,0.0101010101010101,0.013888888888888888,0.03571428571428571,3,3,0,0,134,67,1535,1.0,1.0,4,[],"[0.07193207740783691, 0.08691781759262085, 0.11146360635757446]"
1082,ROI-1082,1337,0.0101010101010101,0.011695906432748537,0.010582010582010581,1,0,1,0,319,305,0,1.0,1.0,67,[],"[0.16999995708465576, 0.020204782485961914, 0.1832493543624878]"
1083,ROI-1083,1345,0.0101010101010101,0.013888888888888888,0.010101010101010102,1,1,0,0,253,236,100,1.0,1.0,3,[],"[0.1002734899520874, 0.17000001668930054, 0.0025864839553833008]"
1084,ROI-1084,1262,0.009950248756218905,0.011494252873563218,0.025,2,0,0,2,437,431,315,1.0,1.0,61,"[{""ids"": [8, 14], ""points"": 2}]","[0.1699998378753662, 0.17139683663845062, 0.10814279317855835]"
1085,ROI-1085,882,0.009803921568627453,0.013333333333333334,0.012345679012345678,1,1,0,0,94,56,1915,1.0,1.0,9,[],"[0.08000016212463379, 0.06999993324279785, 0.04797649383544922]"
1086,ROI-1086,1238,0.00980392156862745,0.011904761904761904,0.02040816326530612,1,0,0,1,281,268,775,1.0,1.0,101,"[{""ids"": [57, 179], ""points"": 1}]","[0.17999982833862305, 0.001970052719116211, 0.18000000715255737]"
1087,ROI-1087,1057,0.00980392156862745,0.011904761904761904,0.02040816326530612,1,0,0,1,281,267,770,1.0,1.0,101,"[{""ids"": [57, 179], ""points"": 1}]","[0.17999982833862305, 0.0019359588623046875, 0.18000000715255737]"
1088,ROI-1088,1192,0.00980392156862745,0.011904761904761904,0.017857142857142856,1,0,0,1,296,293,30,1.0,1.0,57,"[{""ids"": [2, 33], ""points"": 1}]","[0.18000000715255737, 0.09833312034606934, 0.09730386734008789]"
1089,ROI-1089,762,0.00980392156862745,0.011904761904761904,0.02040816326530612,1,0,0,1,288,282,550,1.0,1.0,35,"[{""ids"": [2, 33], ""points"": 1}]","[0.18000006675720215, 0.09875166416168213, 0.09738576412200928]"
1090,ROI-1090,1133,0.00980392156862745,0.011904761904761904,0.017857142857142856,1,0,0,1,301,294,25,1.0,1.0,84,"[{""ids"": [2, 33], ""points"": 1}]","[0.18000000715255737, 0.09450089931488037, 0.0974198579788208]"
1091,ROI-1091,783,0.009689922480620155,0.010822510822510822,0.01020408163265306,3,3,0,0,398,394,0,1.0,1.0,109,[],"[0.025201380252838135, 0.18000006675720215, 0.20567387342453003]"
1092,ROI-1092,881,0.009578544061302683,0.010683760683760684,0.01098901098901099,2,1,1,0,414,410,610,1.0,1.0,44,[],"[0.11465811729431152, 0.12497058510780334, 0.17812693119049072]"
1093,ROI-1093,822,0.009259259259259259,0.011111111111111112,0.017241379310344827,1,0,0,1,314,307,630,1.0,1.0,161,"[{""ids"": [33, 186], ""points"": 1}]","[0.17999982833862305, 0.17999997735023499, 0.019103527069091797]"
1094,ROI-1094,596,0.009259259259259259,0.011111111111111112,0.01639344262295082,1,0,0,1,323,315,0,1.0,1.0,120,"[{""ids"": [10, 19], ""points"": 1}]","[0.18518394231796265, 0.013281583786010742, 0.17999999225139618]"
1095,ROI-1095,722,0.009259259259259259,0.010582010582010581,0.008658008658008658,1,0,1,0,401,266,940,1.0,1.0,21,[],"[0.17999982833862305, 0.09599816799163818, 0.10095202922821045]"
1096,ROI-1096,1087,0.009157509157509156,0.01016260162601626,0.010416666666666666,3,3,0,0,428,412,110,1.0,1.0,107,[],"[0.10973373055458069, 0.19155073165893555, 0.14118778705596924]"
1097,ROI-1097,908,0.0091324200913242,0.010416666666666666,0.008438818565400843,2,2,0,0,422,420,865,1.0,1.0,120,[],"[0.19534587860107422, 0.12413758039474487, 0.09514236450195312]"
1098,ROI-1098,637,0.00909090909090909,0.010869565217391304,0.015873015873015872,1,0,0,1,331,326,640,1.0,1.0,47,"[{""ids"": [33, 195], ""points"": 1}]","[0.18061494827270508, 0.18999998271465302, 0.006552934646606445]"
1099,ROI-1099,947,0.009009009009009009,0.010256410256410256,0.025974025974025976,2,0,0,2,406,328,220,1.0,1.0,82,"[{""ids"": [79, 216], ""points"": 2}]","[0.20000004768371582, 0.18000006675720215, 0.04842329025268555]"
1100,ROI-1100,506,0.008928571428571428,0.010638297872340425,0.018518518518518517,1,0,0,1,303,299,550,1.0,1.0,29,"[{""ids"": [2, 33], ""points"": 1}]","[0.1867365837097168, 0.09798121452331543, 0.1008983850479126]"
1101,ROI-1101,811,0.008928571428571428,0.010638297872340425,0.023255813953488372,2,0,0,2,396,386,635,1.0,1.0,65,"[{""ids"": [33, 195], ""points"": 2}]","[0.18015003204345703, 0.2154543548822403, 0.004463791847229004]"
1102,ROI-1102,1191,0.008928571428571428,0.010638297872340425,0.015625,1,0,0,1,368,334,75,1.0,1.0,33,"[{""ids"": [2, 39], ""points"": 1}]","[0.18000006675720215, 0.09892511367797852, 0.12000000476837158]"
1103,ROI-1103,754,0.008928571428571428,0.010638297872340425,0.020833333333333332,1,0,0,1,282,280,60,1.0,1.0,67,"[{""ids"": [2, 33], ""points"": 1}]","[0.09551525115966797, 0.19000005722045898, 0.09328508377075195]"
1104,ROI-1104,759,0.008928571428571428,0.010638297872340425,0.01639344262295082,1,0,0,1,334,310,185,1.0,1.0,34,"[{""ids"": [13, 15], ""points"": 1}]","[0.18138718605041504, 0.18000000715255737, 0.005238890647888184]"
1105,ROI-1105,769,0.008928571428571428,0.010638297872340425,0.013513513513513514,1,0,0,1,393,384,730,1.0,1.0,120,"[{""ids"": [219, 225], ""points"": 1}]","[0.1273651123046875, 0.10242843627929688, 0.1387261152267456]"
1106,ROI-1106,1226,0.008771929824561403,0.010416666666666666,0.017857142857142856,1,0,0,1,302,299,30,1.0,1.0,87,"[{""ids"": [2, 33], ""points"": 1}]","[0.10519623756408691, 0.1799999475479126, 0.09494256973266602]"
1107,ROI-1107,1067,0.008771929824561403,0.010416666666666666,0.015873015873015872,1,0,0,1,324,317,1250,1.0,1.0,49,"[{""ids"": [2, 13], ""points"": 1}]","[0.17999982833862305, 0.09850680828094482, 0.11591935157775879]"
1108,ROI-1108,1342,0.008620689655172414,0.01020408163265306,0.015873015873015872,1,0,0,1,315,311,635,1.0,1.0,160,"[{""ids"": [33, 186], ""points"": 1}]","[0.17999982833862305, 0.17999999225139618, 0.019423604011535645]"
1109,ROI-1109,557,0.008620689655172414,0.01020408163265306,0.017857142857142856,1,0,0,1,318,312,5,1.0,1.0,87,"[{""ids"": [2, 10], ""points"": 1}]","[0.18000000715255737, 0.009883880615234375, 0.17999999225139618]"
1110,ROI-1110,1218,0.008547008547008548,0.011111111111111112,0.011111111111111112,1,1,0,0,161,159,95,1.0,1.0,3,[],"[0.12000000476837158, 0.18000000715255737, 0.0034030675888061523]"
1111,ROI-1111,683,0.00847457627118644,0.01,0.014084507042253521,1,0,0,1,386,372,740,1.0,1.0,107,"[{""ids"": [2, 33], ""points"": 1}]","[0.17999982833862305, 0.19000005722045898, 0.09863853454589844]"
1112,ROI-1112,1229,0.00847457627118644,0.01,0.015873015873015872,1,0,0,1,416,395,935,1.0,1.0,56,"[{""ids"": [13, 80], ""points"": 1}]","[0.18000006675720215, 0.13051581382751465, 0.09642064571380615]"
1113,ROI-1113,1060,0.008333333333333333,0.00980392156862745,0.011494252873563218,2,2,0,0,227,32,1915,0.5,0.5,3,[],"[0.06259632110595703, 0.11112689971923828, 0.11470425128936768]"
1114,ROI-1114,634,0.00819672131147541,0.009615384615384616,0.015384615384615385,1,0,0,1,331,328,640,1.0,1.0,51,"[{""ids"": [33, 195], ""points"": 1}]","[0.1813676357269287, 0.18999998271465302, 0.006847381591796875]"
1115,ROI-1115,779,0.00819672131147541,0.009615384615384616,0.015873015873015872,1,0,0,1,402,390,0,1.0,1.0,112,"[{""ids"": [3, 7], ""points"": 1}]","[0.15000003576278687, 0.18000000715255737, 0.07121682167053223]"
1116,ROI-1116,789,0.007936507936507936,0.009259259259259259,0.017543859649122806,1,0,0,1,309,305,715,1.0,1.0,60,"[{""ids"": [33, 210], ""points"": 1}]","[0.17999982833862305, 0.18999993801116943, 0.011992692947387695]"
1117,ROI-1117,1284,0.007751937984496124,0.00980392156862745,0.017094017094017096,1,0,1,0,172,171,95,1.0,1.0,3,[],"[0.12000000476837158, 0.18000000715255737, 0.002370595932006836]"
1118,ROI-1118,707,0.007692307692307693,0.008928571428571428,0.015151515151515152,1,0,0,1,331,330,5,1.0,1.0,34,"[{""ids"": [2, 13], ""points"": 1}]","[0.18000006675720215, 0.10558807849884033, 0.10394883155822754]"
1119,ROI-1119,672,0.007692307692307693,0.008928571428571428,0.015384615384615385,1,0,0,1,356,349,1745,1.0,1.0,38,"[{""ids"": [13, 322], ""points"": 1}]","[0.13689231872558594, 0.18034005165100098, 0.09306108951568604]"
1120,ROI-1120,970,0.007575757575757576,0.008771929824561403,0.014084507042253521,1,0,0,1,460,452,490,1.0,1.0,75,"[{""ids"": [8, 14], ""points"": 1}]","[0.1309823989868164, 0.17999997735023499, 0.11832940578460693]"
1121,ROI-1121,1010,0.007575757575757576,0.010416666666666666,0.02040816326530612,1,0,0,1,281,264,770,1.0,1.0,101,"[{""ids"": [57, 179], ""points"": 1}]","[0.17999982833862305, 0.002225160598754883, 0.18000000715255737]"
1122,ROI-1122,757,0.007575757575757576,0.008771929824561403,0.015151515151515152,1,0,0,1,307,303,65,1.0,1.0,88,"[{""ids"": [2, 13], ""points"": 1}]","[0.11000001430511475, 0.11921334266662598, 0.10260009765625]"
1123,ROI-1123,1038,0.007575757575757576,0.008771929824561403,0.014084507042253521,1,0,0,1,329,324,0,1.0,1.0,111,"[{""ids"": [19, 23], ""points"": 1}]","[0.029043734073638916, 0.1799999475479126, 0.17999997735023499]"
1124,ROI-1124,785,0.007575757575757576,0.008771929824561403,0.015151515151515152,1,0,0,1,333,329,55,1.0,1.0,30,"[{""ids"": [33, 37], ""points"": 1}]","[0.1899999976158142, 0.1799999475479126, 0.009098529815673828]"
1125,ROI-1125,1211,0.007407407407407407,0.009259259259259259,0.01639344262295082,1,0,0,1,331,318,645,1.0,1.0,66,"[{""ids"": [33, 195], ""points"": 1}]","[0.17999982833862305, 0.1799999475479126, 0.014739513397216797]"
1126,ROI-1126,1197,0.007352941176470588,0.01,0.02040816326530612,1,0,0,1,281,273,770,1.0,1.0,109,"[{""ids"": [57, 179], ""points"": 1}]","[0.17999982833862305, 0.002399921417236328, 0.18000000715255737]"
1127,ROI-1127,365,0.007246376811594202,0.009009009009009009,0.0070921985815602835,1,1,0,0,163,82,790,1.0,1.0,7,[],"[0.05775570869445801, 0.05841636657714844, 0.07719993591308594]"
1128,ROI-1128,1120,0.007168458781362006,0.008385744234800837,0.023391812865497075,2,1,0,1,347,315,790,1.0,1.0,84,"[{""ids"": [57, 179], ""points"": 1}]","[0.18167400360107422, 0.0020515918731689453, 0.1899999976158142]"
1129,ROI-1129,274,0.007142857142857143,0.00819672131147541,0.013888888888888888,1,0,0,1,420,254,945,1.0,1.0,59,"[{""ids"": [218, 219], ""points"": 1}]","[0.18358373641967773, 0.1699998378753662, 0.06616860628128052]"
1130,ROI-1130,540,0.0070921985815602835,0.008771929824561403,0.019230769230769232,1,0,0,1,312,307,635,1.0,1.0,161,"[{""ids"": [33, 186], ""points"": 1}]","[0.17999982833862305, 0.1899999976158142, 0.019423604011535645]"
1131,ROI-1131,1332,0.00641025641025641,0.008333333333333333,0.02040816326530612,1,0,0,1,281,274,765,1.0,1.0,119,"[{""ids"": [57, 179], ""points"": 1}]","[0.17999982833862305, 0.0020706653594970703, 0.17999999225139618]"
1132,ROI-1132,590,0.00617283950617284,0.007407407407407408,0.017241379310344827,1,0,0,1,325,320,590,1.0,1.0,88,"[{""ids"": [2, 13], ""points"": 1}]","[0.19000005722045898, 0.08913242816925049, 0.11440682411193848]"
1133,ROI-1133,788,0.006060606060606061,0.007246376811594203,0.015873015873015872,1,0,0,1,414,405,325,1.0,1.0,54,"[{""ids"": [8, 14], ""points"": 1}]","[0.1423642635345459, 0.14409871399402618, 0.09745293855667114]"
1134,ROI-1134,635,0.005681818181818182,0.007142857142857143,0.017857142857142856,1,0,0,1,333,330,640,1.0,1.0,53,"[{""ids"": [33, 195], ""points"": 1}]","[0.18584918975830078, 0.18999998271465302, 0.006926059722900391]"
1135,ROI-1135,902,0.005555555555555556,0.006535947712418301,0.011494252873563218,1,0,1,0,328,326,725,1.0,1.0,36,[],"[0.17999982833862305, 0.18000006675720215, 0.022350788116455078]"
1136,ROI-1136,1103,0.005208333333333333,0.006060606060606061,0.008771929824561403,1,0,1,0,459,437,1510,1.0,1.0,14,[],"[0.19000005722045898, 0.004178285598754883, 0.18000006675720215]"
1137,ROI-1137,1301,0.005128205128205128,0.005952380952380952,0.009009009009009009,1,0,1,0,385,384,720,1.0,1.0,52,[],"[0.18000030517578125, 0.1828371286392212, 0.006807088851928711]"
1138,ROI-1138,508,0.00505050505050505,0.005847953216374269,0.004761904761904762,1,1,0,0,294,292,715,1.0,1.0,109,[],"[0.13040876388549805, 0.07525759935379028, 0.08383554220199585]"
1139,ROI-1139,657,0.004901960784313725,0.005649717514124294,0.010582010582010581,1,0,1,0,314,307,715,1.0,1.0,55,[],"[0.17999982833862305, 0.18000006675720215, 0.010969161987304688]"
1140,ROI-1140,1269,0.004830917874396135,0.006006006006006006,0.01092896174863388,1,0,1,0,335,320,695,1.0,1.0,57,[],"[0.18000030517578125, 0.1799999475479126, 0.009647607803344727]"
1141,ROI-1141,1203,0.004629629629629629,0.005291005291005291,0.004694835680751174,1,1,0,0,414,409,585,1.0,1.0,131,[],"[0.17999982833862305, 0.1524684727191925, 0.09527266025543213]"
1142,ROI-1142,656,0.00457516339869281,0.005116959064327485,0.009259259259259259,2,1,1,0,516,514,540,1.0,1.0,93,[],"[0.15565228462219238, 0.11042368412017822, 0.1899999976158142]"
1143,ROI-1143,1351,0.004444444444444445,0.005050505050505051,0.008547008547008548,1,0,1,0,464,431,45,1.0,1.0,44,[],"[0.14595693349838257, 0.18000006675720215, 0.09344375133514404]"
1144,ROI-1144,1085,0.004273504273504273,0.004830917874396135,0.003663003663003663,1,1,0,0,483,482,900,1.0,1.0,67,[],"[0.15000009536743164, 0.10144686698913574, 0.17609643936157227]"
1145,ROI-1145,1179,0.003472222222222222,0.004830917874396135,0.011904761904761904,1,1,0,0,237,146,945,1.0,1.0,35,[],"[0.10584092140197754, 0.0816950798034668, 0.10781025886535645]"
1146,ROI-1146,1175,0.00326797385620915,0.003766478342749529,0.008888888888888889,2,2,0,0,471,383,100,1.0,1.0,8,[],"[0.19238197803497314, 0.18000006675720215, 0.002873539924621582]"
1147,ROI-1147,528,0.00308641975308642,0.003703703703703704,0.00546448087431694,1,1,0,0,316,313,0,1.0,1.0,109,[],"[0.025201380252838135, 0.15999996662139893, 0.18077468872070312]"
1148,ROI-1148,1231,0.00308641975308642,0.003703703703703704,0.005376344086021506,1,1,0,0,414,334,790,1.0,1.0,23,[],"[0.11033892631530762, 0.08529406785964966, 0.1799999475479126]"
1149,ROI-1149,751,0.002777777777777778,0.0032679738562091504,0.004830917874396135,1,1,0,0,370,369,1010,1.0,1.0,53,[],"[0.18000030517578125, 0.18000006675720215, 0.03569936752319336]"
1150,ROI-1150,1146,0.0017636684303350967,0.0020576131687242796,0.004329004329004329,1,1,0,0,405,378,930,1.0,1.0,8,[],"[0.0872488021850586, 0.14708423614501953, 0.1799999475479126]"
1151,ROI-1151,766,0.287037037037037,0.328042328042328,0.32916666666666666,79,79,0,0,296,160,,0.0,0.0,0,[],"[0.1399998664855957, 0.07755410671234131, 0.1499999761581421]"
1152,ROI-1152,1205,0.24242424242424243,0.3333333333333333,0.3333333333333333,34,34,0,0,34,0,,0.0,0.0,0,[],"[0.037459611892700195, 0.024441123008728027, 0.027371883392333984]"
1153,ROI-1153,617,0.22522522522522523,0.2976190476190476,0.2833333333333333,34,34,0,0,79,13,,0.0,0.0,0,[],"[0.08227920532226562, 0.06790482997894287, 0.03521168231964111]"
1154,ROI-1154,712,0.18556701030927836,0.20454545454545456,0.21937321937321938,77,77,0,0,269,64,,0.0,0.0,0,[],"[0.07724213600158691, 0.17000111937522888, 0.05756908655166626]"
1155,ROI-1155,1082,0.17543859649122806,0.3333333333333333,0.3333333333333333,15,15,0,0,80,61,,0.0,0.0,0,[],"[0.07473921775817871, 0.07470691204071045, 0.0463407039642334]"
1156,ROI-1156,191,0.17102966841186734,0.1794871794871795,0.18903318903318903,131,131,0,0,599,216,,0.0,0.0,0,[],"[0.24664068222045898, 0.09284758567810059, 0.09370410442352295]"
1157,ROI-1157,838,0.16,0.1702127659574468,0.17402945113788487,130,130,0,0,554,96,,0.0,0.0,0,[],"[0.1534874439239502, 0.08216118812561035, 0.1617981493473053]"
1158,ROI-1158,732,0.1597222222222222,0.25555555555555554,0.24242424242424243,16,16,0,0,115,28,,0.0,0.0,0,[],"[0.09610795974731445, 0.08196353912353516, 0.08859100937843323]"
1159,ROI-1159,461,0.1568627450980392,0.3333333333333333,0.3333333333333333,9,9,0,0,26,4,,0.0,0.0,0,[],"[0.08035588264465332, 0.070914626121521, 0.017774194478988647]"
1160,ROI-1160,1055,0.15261044176706826,0.17117117117117117,0.14942528735632185,39,39,0,0,206,3,,0.0,0.0,0,[],"[0.19000005722045898, 0.059999942779541016, 0.06607340276241302]"
1161,ROI-1161,625,0.14619883040935672,0.1736111111111111,0.17777777777777778,32,32,0,0,195,42,,0.0,0.0,0,[],"[0.0760185718536377, 0.06395590305328369, 0.13284242153167725]"
1162,ROI-1162,942,0.14583333333333331,0.3333333333333333,0.3333333333333333,8,8,0,0,95,48,,0.0,0.0,0,[],"[0.08564019203186035, 0.06796300411224365, 0.057424306869506836]"
1163,ROI-1163,547,0.14444444444444443,0.20634920634920634,0.2111111111111111,19,19,0,0,67,2,,0.0,0.0,0,[],"[0.0724630355834961, 0.0637471079826355, 0.0823540985584259]"
1164,ROI-1164,782,0.14367816091954025,0.20833333333333334,0.2222222222222222,18,18,0,0,109,31,,0.0,0.0,0,[],"[0.07999992370605469, 0.08486127853393555, 0.07578149437904358]"
1165,ROI-1165,919,0.13043478260869565,0.21428571428571427,0.19696969696969696,13,13,0,0,146,3,,0.0,0.0,0,[],"[0.08525657653808594, 0.09021008014678955, 0.05273902416229248]"
1166,ROI-1166,622,0.12820512820512822,0.19607843137254902,0.18333333333333332,11,11,0,0,79,0,,0.0,0.0,0,[],"[0.11296367645263672, 0.008494041860103607, 0.11000007390975952]"
1167,ROI-1167,558,0.12557077625570776,0.13381995133819952,0.13654618473895583,68,68,0,0,329,99,,0.0,0.0,0,[],"[0.13000011444091797, 0.05625062435865402, 0.16280090808868408]"
1168,ROI-1168,914,0.11666666666666667,0.21212121212121213,0.2222222222222222,12,12,0,0,29,0,,0.0,0.0,0,[],"[0.06048440933227539, 0.023680686950683594, 0.02424054592847824]"
1169,ROI-1169,631,0.11594202898550723,0.19047619047619047,0.14814814814814814,8,8,0,0,187,128,,0.0,0.0,0,[],"[0.11999988555908203, 0.08099603652954102, 0.06534421443939209]"
1170,ROI-1170,611,0.11111111111111112,0.19444444444444445,0.19607843137254902,10,10,0,0,116,2,,0.0,0.0,0,[],"[0.058693885803222656, 0.10443174839019775, 0.05097389221191406]"
1171,ROI-1171,698,0.1111111111111111,0.2222222222222222,0.2222222222222222,6,6,0,0,141,88,,0.0,0.0,0,[],"[0.12000036239624023, 0.09168291091918945, 0.0664597749710083]"
1172,ROI-1172,703,0.10606060606060606,0.1794871794871795,0.15789473684210525,9,9,0,0,36,1,,0.0,0.0,0,[],"[0.06458282470703125, 0.058624446392059326, 0.05229118466377258]"
1173,ROI-1173,927,0.10606060606060606,0.1794871794871795,0.1875,9,9,0,0,126,0,,0.0,0.0,0,[],"[0.08199286460876465, 0.07788485288619995, 0.07999998331069946]"
1174,ROI-1174,585,0.10429447852760736,0.11038961038961038,0.11788617886178862,58,58,0,0,341,53,,0.0,0.0,0,[],"[0.1209869384765625, 0.037843190133571625, 0.26999998092651367]"
1175,ROI-1175,566,0.10256410256410256,0.3333333333333333,0.3333333333333333,4,4,0,0,22,0,,0.0,0.0,0,[],"[0.018077850341796875, 0.06059551239013672, 0.10000002384185791]"
1176,ROI-1176,1148,0.1,0.18181818181818182,0.18181818181818182,6,6,0,0,38,0,,0.0,0.0,0,[],"[0.08322429656982422, 0.029999971389770508, 0.08121311664581299]"
1177,ROI-1177,847,0.09895833333333333,0.13768115942028986,0.13333333333333333,12,12,0,0,226,123,,0.0,0.0,0,[],"[0.08222770690917969, 0.10523438453674316, 0.12000000476837158]"
1178,ROI-1178,836,0.09523809523809523,0.14035087719298245,0.11594202898550725,8,8,0,0,161,79,,0.0,0.0,0,[],"[0.09732627868652344, 0.12000012397766113, 0.09508383274078369]"
1179,ROI-1179,994,0.094017094017094,0.3055555555555555,0.2777777777777778,5,5,0,0,36,25,,0.0,0.0,0,[],"[0.06313204765319824, 0.042390406131744385, 0.039999961853027344]"
1180,ROI-1180,603,0.09090909090909091,0.15384615384615385,0.15384615384615385,6,6,0,0,66,0,,0.0,0.0,0,[],"[0.059999942779541016, 0.12000000476837158, 0.019033193588256836]"
1181,ROI-1181,1338,0.09009009009009009,0.11904761904761904,0.11494252873563218,10,10,0,0,208,143,,0.0,0.0,0,[],"[0.1399998664855957, 0.09322357177734375, 0.0661458969116211]"
1182,ROI-1182,648,0.08888888888888888,0.2222222222222222,0.25,6,6,0,0,87,0,,0.0,0.0,0,[],"[0.09264731407165527, 0.05547916889190674, 0.08105862140655518]"
1183,ROI-1183,630,0.08333333333333333,0.19047619047619047,0.19047619047619047,4,4,0,0,154,107,,0.0,0.0,0,[],"[0.1099998950958252, 0.0835886001586914, 0.06653726100921631]"
1184,ROI-1184,746,0.08333333333333333,0.19047619047619047,0.18181818181818182,6,6,0,0,51,8,,0.0,0.0,0,[],"[0.07000017166137695, 0.06733489036560059, 0.03107893466949463]"
1185,ROI-1185,1104,0.08333333333333333,0.19047619047619047,0.16666666666666666,5,5,0,0,82,0,,0.0,0.0,0,[],"[0.06977534294128418, 0.07478338479995728, 0.0899999737739563]"
1186,ROI-1186,1141,0.08333333333333333,0.3333333333333333,0.3333333333333333,3,3,0,0,47,1,,0.0,0.0,0,[],"[0.08272743225097656, 0.016367554664611816, 0.11226576566696167]"
1187,ROI-1187,1343,0.08333333333333333,0.3333333333333333,0.3333333333333333,3,3,0,0,27,0,,0.0,0.0,0,[],"[0.07835865020751953, 0.014739990234375, 0.05135643482208252]"
1188,ROI-1188,1344,0.08333333333333333,0.3333333333333333,0.3333333333333333,3,3,0,0,27,0,,0.0,0.0,0,[],"[0.0568547248840332, 0.014820456504821777, 0.0890587568283081]"
1189,ROI-1189,1340,0.08,0.125,0.14666666666666667,11,11,0,0,71,3,,0.0,0.0,0,[],"[0.0624842643737793, 0.02373373508453369, 0.1234319806098938]"
1190,ROI-1190,624,0.0784313725490196,0.16666666666666666,0.16666666666666666,5,5,0,0,47,0,,0.0,0.0,0,[],"[0.07000017166137695, 0.00864642858505249, 0.0899999737739563]"
1191,ROI-1191,923,0.0784313725490196,0.16666666666666666,0.16666666666666666,6,6,0,0,28,11,,0.0,0.0,0,[],"[0.0446925163269043, 0.022314071655273438, 0.03288769721984863]"
1192,ROI-1192,1324,0.0784313725490196,0.16666666666666666,0.16666666666666666,6,6,0,0,29,0,,0.0,0.0,0,[],"[0.057502031326293945, 0.025820612907409668, 0.015930116176605225]"
1193,ROI-1193,1006,0.07692307692307693,0.25,0.25,3,3,0,0,20,0,,0.0,0.0,0,[],"[0.06736326217651367, 0.04999995231628418, 0.020000040531158447]"
1194,ROI-1194,1254,0.07692307692307693,0.25,0.2777777777777778,5,5,0,0,10,2,,0.0,0.0,0,[],"[0.031601667404174805, 0.05339062213897705, 0.027967095375061035]"
1195,ROI-1195,602,0.07575757575757575,0.1282051282051282,0.1282051282051282,5,5,0,0,70,0,,0.0,0.0,0,[],"[0.07000017166137695, 0.12794359028339386, 0.02838456630706787]"
1196,ROI-1196,481,0.07547169811320754,0.08,0.09397163120567376,53,53,0,0,375,90,,0.0,0.0,0,[],"[0.10716819763183594, 0.03556215763092041, 0.2344658374786377]"
1197,ROI-1197,581,0.07407407407407407,0.14814814814814814,0.16666666666666666,6,6,0,0,115,109,,0.0,0.0,0,[],"[0.052896738052368164, 0.08999991416931152, 0.08037257194519043]"
1198,ROI-1198,1061,0.07407407407407407,0.14814814814814814,0.1282051282051282,5,5,0,0,146,68,,0.0,0.0,0,[],"[0.06949830055236816, 0.08098381757736206, 0.08369946479797363]"
1199,ROI-1199,438,0.07142857142857142,0.2,0.20833333333333334,5,5,0,0,81,0,,0.0,0.0,0,[],"[0.08478307723999023, 0.06945079565048218, 0.0512089729309082]"
1200,ROI-1200,578,0.06944444444444443,0.1111111111111111,0.13636363636363635,9,9,0,0,77,4,,0.0,0.0,0,[],"[0.09688138961791992, 0.03415411710739136, 0.12999999523162842]"
1201,ROI-1201,1251,0.06802721088435373,0.08333333333333333,0.0851063829787234,12,12,0,0,150,13,,0.0,0.0,0,[],"[0.08147478103637695, 0.034670695662498474, 0.14222371578216553]"
1202,ROI-1202,679,0.06666666666666668,0.12121212121212122,0.125,6,6,0,0,78,39,,0.0,0.0,0,[],"[0.09000015258789062, 0.04541611671447754, 0.05108368396759033]"
1203,ROI-1203,576,0.06666666666666667,0.16666666666666666,0.14285714285714285,3,3,0,0,47,0,,0.0,0.0,0,[],"[0.0550609827041626, 0.03477895259857178, 0.09639978408813477]"
1204,ROI-1204,729,0.06666666666666667,0.16666666666666666,0.16666666666666666,5,5,0,0,26,0,,0.0,0.0,0,[],"[0.05458259582519531, 0.055353760719299316, 0.050000011920928955]"
1205,ROI-1205,967,0.0646766169154229,0.07471264367816093,0.0867579908675799,19,19,0,0,198,10,,0.0,0.0,0,[],"[0.13000011444091797, 0.11402463912963867, 0.03233623504638672]"
1206,ROI-1206,697,0.06349206349206349,0.1111111111111111,0.1111111111111111,4,4,0,0,155,92,,0.0,0.0,0,[],"[0.1100001335144043, 0.10168290138244629, 0.06633269786834717]"
1207,ROI-1207,730,0.06349206349206349,0.1111111111111111,0.11764705882352941,6,6,0,0,48,2,,0.0,0.0,0,[],"[0.07072925567626953, 0.061963558197021484, 0.06216460466384888]"
1208,ROI-1208,897,0.06349206349206349,0.1111111111111111,0.1111111111111111,4,4,0,0,122,88,,0.0,0.0,0,[],"[0.09999990463256836, 0.07999992370605469, 0.06278526782989502]"
1209,ROI-1209,900,0.06333333333333334,0.07723577235772358,0.07801418439716312,11,11,0,0,166,29,,0.0,0.0,0,[],"[0.09225130081176758, 0.05531644821166992, 0.11611223220825195]"
1210,ROI-1210,1336,0.0625,0.14285714285714285,0.16666666666666666,5,5,0,0,32,1,,0.0,0.0,0,[],"[0.0572819709777832, 0.020047366619110107, 0.12000000476837158]"
1211,ROI-1211,1339,0.0625,0.14285714285714285,0.16666666666666666,5,5,0,0,86,0,,0.0,0.0,0,[],"[0.06977534294128418, 0.07941144704818726, 0.09090733528137207]"
1212,ROI-1212,1272,0.06140350877192983,0.08045977011494253,0.08547008547008547,10,10,0,0,166,82,,0.0,0.0,0,[],"[0.11999988555908203, 0.05455690622329712, 0.08597719669342041]"
1213,ROI-1213,550,0.0606060606060606,0.10256410256410256,0.08771929824561403,5,5,0,0,37,2,,0.0,0.0,0,[],"[0.0646977424621582, 0.06089681386947632, 0.05235409736633301]"
1214,ROI-1214,663,0.0606060606060606,0.10256410256410256,0.10256410256410256,4,4,0,0,130,87,,0.0,0.0,0,[],"[0.10096168518066406, 0.08215999603271484, 0.057323336601257324]"
1215,ROI-1215,1221,0.0606060606060606,0.3333333333333333,0.3333333333333333,2,2,0,0,18,0,,0.0,0.0,0,[],"[0.01218867301940918, 0.06695371866226196, 0.12336194515228271]"
1216,ROI-1216,1225,0.0606060606060606,0.3333333333333333,0.3333333333333333,4,4,0,0,16,0,,0.0,0.0,0,[],"[0.06000000238418579, 0.012320756912231445, 0.07478785514831543]"
1217,ROI-1217,300,0.058823529411764705,0.06578947368421052,0.06930693069306931,21,21,0,0,202,14,,0.0,0.0,0,[],"[0.07716798782348633, 0.02485644817352295, 0.13999998569488525]"
1218,ROI-1218,1335,0.058823529411764705,0.125,0.14814814814814814,4,4,0,0,106,26,,0.0,0.0,0,[],"[0.062469482421875, 0.08123499155044556, 0.05254030227661133]"
1219,ROI-1219,745,0.05797101449275362,0.09523809523809523,0.08771929824561403,5,5,0,0,190,94,,0.0,0.0,0,[],"[0.09138154983520508, 0.10000002384185791, 0.08911788463592529]"
1220,ROI-1220,912,0.05797101449275362,0.09523809523809523,0.1,6,6,0,0,38,7,,0.0,0.0,0,[],"[0.07624387741088867, 0.031007051467895508, 0.024491973221302032]"
1221,ROI-1221,809,0.05714285714285714,0.07692307692307693,0.07692307692307693,6,6,0,0,132,95,,0.0,0.0,0,[],"[0.1100001335144043, 0.07999992370605469, 0.05777919292449951]"
1222,ROI-1222,577,0.05555555555555555,0.2222222222222222,0.2222222222222222,2,2,0,0,25,0,,0.0,0.0,0,[],"[0.06459856033325195, 0.019999980926513672, 0.10775989294052124]"
1223,ROI-1223,704,0.05555555555555555,0.1111111111111111,0.1282051282051282,5,5,0,0,53,3,,0.0,0.0,0,[],"[0.08458280563354492, 0.06535381078720093, 0.05383619666099548]"
1224,ROI-1224,1326,0.05555555555555555,0.1111111111111111,0.1282051282051282,5,5,0,0,121,1,,0.0,0.0,0,[],"[0.10146665573120117, 0.07999992370605469, 0.049899399280548096]"
1225,ROI-1225,1249,0.053921568627450976,0.07333333333333333,0.07692307692307693,6,6,0,0,127,9,,0.0,0.0,0,[],"[0.0875239372253418, 0.04548080265522003, 0.10295712947845459]"
1226,ROI-1226,425,0.05185185185185184,0.12962962962962962,0.11904761904761904,5,5,0,0,112,4,,0.0,0.0,0,[],"[0.08813285827636719, 0.08566892147064209, 0.05097222328186035]"
1227,ROI-1227,834,0.05128205128205128,0.0784313725490196,0.0784313725490196,4,4,0,0,121,19,,0.0,0.0,0,[],"[0.10271596908569336, 0.0401926189661026, 0.09000003337860107]"
1228,ROI-1228,1107,0.05128205128205128,0.16666666666666666,0.2,3,3,0,0,43,1,,0.0,0.0,0,[],"[0.057747840881347656, 0.022700965404510498, 0.11000001430511475]"
1229,ROI-1229,518,0.05072463768115942,0.08333333333333333,0.10416666666666667,5,5,0,0,87,0,,0.0,0.0,0,[],"[0.06599617004394531, 0.12000000476837158, 0.024579167366027832]"
1230,ROI-1230,368,0.04964539007092198,0.06140350877192982,0.05333333333333334,8,8,0,0,166,46,,0.0,0.0,0,[],"[0.13000011444091797, 0.03293919563293457, 0.12000000476837158]"
1231,ROI-1231,519,0.04938271604938271,0.07407407407407407,0.07936507936507936,5,5,0,0,86,2,,0.0,0.0,0,[],"[0.07999992370605469, 0.12000012397766113, 0.025691747665405273]"
1232,ROI-1232,1206,0.04938271604938271,0.07407407407407407,0.08,6,6,0,0,85,32,,0.0,0.0,0,[],"[0.09089207649230957, 0.06570744514465332, 0.05370819568634033]"
1233,ROI-1233,439,0.047619047619047616,0.13333333333333333,0.125,3,3,0,0,92,0,,0.0,0.0,0,[],"[0.07999992370605469, 0.0655413269996643, 0.0512089729309082]"
1234,ROI-1234,682,0.047619047619047616,0.08333333333333333,0.0625,3,3,0,0,105,0,,0.0,0.0,0,[],"[0.06015729904174805, 0.07000017166137695, 0.08000004291534424]"
1235,ROI-1235,1317,0.047619047619047616,0.07017543859649122,0.08333333333333333,5,5,0,0,109,0,,0.0,0.0,0,[],"[0.11999988555908203, 0.07783198356628418, 0.02576109766960144]"
1236,ROI-1236,662,0.04597701149425287,0.06666666666666667,0.06666666666666667,4,4,0,0,129,89,,0.0,0.0,0,[],"[0.09999990463256836, 0.07999992370605469, 0.060827016830444336]"
1237,ROI-1237,795,0.045454545454545456,0.07692307692307693,0.08888888888888889,4,4,0,0,97,43,,0.0,0.0,0,[],"[0.09999990463256836, 0.0986672043800354, 0.06000000238418579]"
1238,ROI-1238,849,0.045454545454545456,0.07692307692307693,0.09259259259259259,5,5,0,0,164,70,,0.0,0.0,0,[],"[0.07708549499511719, 0.09722435474395752, 0.08794212341308594]"
1239,ROI-1239,898,0.045454545454545456,0.07692307692307693,0.06666666666666667,3,3,0,0,100,0,,0.0,0.0,0,[],"[0.07999992370605469, 0.06325018405914307, 0.07807469367980957]"
1240,ROI-1240,781,0.04487179487179487,0.06862745098039216,0.057971014492753624,4,4,0,0,80,11,,0.0,0.0,0,[],"[0.07072925567626953, 0.0784980058670044, 0.06274068355560303]"
1241,ROI-1241,1080,0.04444444444444444,0.06349206349206349,0.04938271604938271,4,4,0,0,116,24,,0.0,0.0,0,[],"[0.09833741188049316, 0.056321144104003906, 0.0700000524520874]"
1242,ROI-1242,1325,0.043478260869565216,0.07142857142857142,0.07017543859649122,4,4,0,0,127,6,,0.0,0.0,0,[],"[0.10000038146972656, 0.08305644989013672, 0.05202990770339966]"
1243,ROI-1243,979,0.041666666666666664,0.06666666666666667,0.08333333333333333,5,5,0,0,360,40,,0.0,0.0,0,[],"[0.10136246681213379, 0.10999995470046997, 0.10008245706558228]"
1244,ROI-1244,986,0.041666666666666664,0.057971014492753624,0.05555555555555555,6,6,0,0,92,1,,0.0,0.0,0,[],"[0.06610774993896484, 0.12001639604568481, 0.019999980926513672]"
1245,ROI-1245,646,0.0404040404040404,0.05555555555555555,0.047619047619047616,5,5,0,0,178,9,,0.0,0.0,0,[],"[0.11475324630737305, 0.06379139423370361, 0.08919358253479004]"
1246,ROI-1246,806,0.0404040404040404,0.05555555555555555,0.041666666666666664,4,4,0,0,157,92,,0.0,0.0,0,[],"[0.09105074405670166, 0.06153702735900879, 0.08474922180175781]"
1247,ROI-1247,1316,0.03809523809523809,0.05128205128205128,0.06451612903225806,6,6,0,0,141,18,,0.0,0.0,0,[],"[0.11456108093261719, 0.09042167663574219, 0.042336225509643555]"
1248,ROI-1248,883,0.03787878787878787,0.047619047619047616,0.04504504504504504,5,5,0,0,191,113,,0.0,0.0,0,[],"[0.12233638763427734, 0.08316898345947266, 0.06649863719940186]"
1249,ROI-1249,846,0.037037037037037035,0.07407407407407407,0.08333333333333333,4,4,0,0,65,0,,0.0,0.0,0,[],"[0.07490301132202148, 0.06784474849700928, 0.0252913236618042]"
1250,ROI-1250,1230,0.037037037037037035,0.07407407407407407,0.06666666666666667,3,3,0,0,49,0,,0.0,0.0,0,[],"[0.05237913131713867, 0.0807933509349823, 0.03269428014755249]"
1251,ROI-1251,1285,0.03508771929824561,0.06666666666666667,0.08333333333333333,4,4,0,0,94,0,,0.0,0.0,0,[],"[0.1099998950958252, 0.04459047317504883, 0.0415002703666687]"
1252,ROI-1252,700,0.03431372549019608,0.04666666666666667,0.042735042735042736,5,5,0,0,115,0,,0.0,0.0,0,[],"[0.1101226806640625, 0.0558018684387207, 0.06177031993865967]"
1253,ROI-1253,934,0.03333333333333334,0.06060606060606061,0.05128205128205128,2,2,0,0,99,2,,0.0,0.0,0,[],"[0.06665205955505371, 0.10000002384185791, 0.054417192935943604]"
1254,ROI-1254,1047,0.03333333333333333,0.047619047619047616,0.047619047619047616,3,3,0,0,101,6,,0.0,0.0,0,[],"[0.08364295959472656, 0.034892551600933075, 0.09999990463256836]"
1255,ROI-1255,1066,0.03333333333333333,0.3333333333333333,0.3333333333333333,1,1,0,0,36,1,,0.0,0.0,0,[],"[0.01492774486541748, 0.0554957389831543, 0.08000004291534424]"
1256,ROI-1256,1089,0.03333333333333333,0.04487179487179487,0.04878048780487805,6,6,0,0,130,0,,0.0,0.0,0,[],"[0.11999988555908203, 0.06195521354675293, 0.05137300491333008]"
1257,ROI-1257,1307,0.03333333333333333,0.3333333333333333,0.3333333333333333,2,2,0,0,2,0,,0.0,0.0,0,[],"[0.0037525296211242676, 0.000492095947265625, 0.0]"
1258,ROI-1258,701,0.03252032520325203,0.041666666666666664,0.0425531914893617,6,6,0,0,145,0,,0.0,0.0,0,[],"[0.09999990463256836, 0.07999992370605469, 0.06999993324279785]"
1259,ROI-1259,1244,0.03252032520325203,0.041666666666666664,0.046511627906976744,6,6,0,0,386,0,,0.0,0.0,0,[],"[0.10504555702209473, 0.09976989030838013, 0.11353233456611633]"
1260,ROI-1260,609,0.03225806451612903,0.045454545454545456,0.06172839506172839,5,5,0,0,104,0,,0.0,0.0,0,[],"[0.05439567565917969, 0.08889353275299072, 0.053049325942993164]"
1261,ROI-1261,736,0.03225806451612903,0.045454545454545456,0.05952380952380952,5,5,0,0,123,60,,0.0,0.0,0,[],"[0.10000014305114746, 0.06431198120117188, 0.071083664894104]"
1262,ROI-1262,884,0.03225806451612903,0.045454545454545456,0.052083333333333336,5,5,0,0,175,47,,0.0,0.0,0,[],"[0.07313728332519531, 0.10301190614700317, 0.0936117172241211]"
1263,ROI-1263,1177,0.03225806451612903,0.045454545454545456,0.05555555555555555,5,5,0,0,132,7,,0.0,0.0,0,[],"[0.1109156608581543, 0.05605912208557129, 0.060000061988830566]"
1264,ROI-1264,444,0.03174603174603175,0.04040404040404041,0.037037037037037035,5,5,0,0,149,42,,0.0,0.0,0,[],"[0.10431385040283203, 0.10000002384185791, 0.06999999284744263]"
1265,ROI-1265,808,0.03125,0.043478260869565216,0.043478260869565216,3,3,0,0,124,84,,0.0,0.0,0,[],"[0.1016073226928711, 0.0807952880859375, 0.06022942066192627]"
1266,ROI-1266,1255,0.03125,0.043478260869565216,0.0392156862745098,4,4,0,0,126,0,,0.0,0.0,0,[],"[0.09613251686096191, 0.08318769931793213, 0.05138099193572998]"
1267,ROI-1267,1303,0.03125,0.043478260869565216,0.05333333333333334,4,4,0,0,123,10,,0.0,0.0,0,[],"[0.1063237190246582, 0.0349343940615654, 0.10925149917602539]"
1268,ROI-1268,1131,0.030303030303030307,0.0380952380952381,0.034722222222222224,5,5,0,0,182,66,,0.0,0.0,0,[],"[0.07073807716369629, 0.09436212480068207, 0.07571440935134888]"
1269,ROI-1269,654,0.030303030303030304,0.041666666666666664,0.05555555555555555,5,5,0,0,148,0,,0.0,0.0,0,[],"[0.05119037628173828, 0.08367788791656494, 0.07999999821186066]"
1270,ROI-1270,1168,0.0303030303030303,0.16666666666666666,0.1111111111111111,1,1,0,0,70,0,,0.0,0.0,0,[],"[0.09121561050415039, 0.053780317306518555, 0.054758310317993164]"
1271,ROI-1271,580,0.029411764705882353,0.04,0.04504504504504504,5,5,0,0,115,1,,0.0,0.0,0,[],"[0.05493927001953125, 0.10000002384185791, 0.05000007152557373]"
1272,ROI-1272,426,0.029239766081871347,0.05555555555555555,0.05,3,3,0,0,144,12,,0.0,0.0,0,[],"[0.08492469787597656, 0.08566892147064209, 0.052959322929382324]"
1273,ROI-1273,1349,0.02898550724637681,0.047619047619047616,0.05263157894736842,3,3,0,0,89,0,,0.0,0.0,0,[],"[0.07332372665405273, 0.06999993324279785, 0.09562039375305176]"
1274,ROI-1274,1312,0.02857142857142857,0.038461538461538464,0.037037037037037035,5,5,0,0,125,8,,0.0,0.0,0,[],"[0.12000012397766113, 0.05643010139465332, 0.04711472988128662]"
1275,ROI-1275,623,0.028368794326241134,0.03508771929824561,0.046511627906976744,6,6,0,0,172,60,,0.0,0.0,0,[],"[0.09014248847961426, 0.053955912590026855, 0.10284239053726196]"
1276,ROI-1276,488,0.027777777777777776,0.037037037037037035,0.04504504504504504,5,5,0,0,159,33,,0.0,0.0,0,[],"[0.06434249877929688, 0.08614648878574371, 0.08557045459747314]"
1277,ROI-1277,1334,0.027777777777777773,0.03535353535353535,0.03787878787878788,5,5,0,0,213,57,,0.0,0.0,0,[],"[0.10294127464294434, 0.11571598052978516, 0.08271068334579468]"
1278,ROI-1278,1256,0.027131782945736437,0.03431372549019608,0.0425531914893617,6,6,0,0,140,40,,0.0,0.0,0,[],"[0.05492818355560303, 0.11572188138961792, 0.06507253646850586]"
1279,ROI-1279,1045,0.02702702702702703,0.03571428571428571,0.04597701149425287,4,4,0,0,119,6,,0.0,0.0,0,[],"[0.07999992370605469, 0.03319574147462845, 0.12582504749298096]"
1280,ROI-1280,949,0.026515151515151516,0.03333333333333333,0.032679738562091505,5,5,0,0,175,0,,0.0,0.0,0,[],"[0.10000014305114746, 0.0556492805480957, 0.09488266706466675]"
1281,ROI-1281,1005,0.02564102564102564,0.03333333333333333,0.03546099290780142,5,5,0,0,157,13,,0.0,0.0,0,[],"[0.11048102378845215, 0.08549380302429199, 0.07475829124450684]"
1282,ROI-1282,1194,0.02564102564102564,0.08333333333333333,0.1,3,3,0,0,39,0,,0.0,0.0,0,[],"[0.05641508102416992, 0.06000018119812012, 0.03564119338989258]"
1283,ROI-1283,1227,0.02564102564102564,0.031007751937984496,0.03571428571428571,6,6,0,0,253,98,,0.0,0.0,0,[],"[0.08819246292114258, 0.06097149848937988, 0.10417631268501282]"
1284,ROI-1284,1252,0.02564102564102564,0.08333333333333333,0.05555555555555555,1,1,0,0,6,0,,0.0,0.0,0,[],"[0.003577709197998047, 0.008466482162475586, 0.0063735246658325195]"
1285,ROI-1285,1281,0.02564102564102564,0.08333333333333333,0.1111111111111111,2,2,0,0,25,0,,0.0,0.0,0,[],"[0.039999961853027344, 0.05482983589172363, 0.024989008903503418]"
1286,ROI-1286,815,0.025,0.03225806451612903,0.036231884057971016,5,5,0,0,159,0,,0.0,0.0,0,[],"[0.06894922256469727, 0.10365515947341919, 0.06202816963195801]"
1287,ROI-1287,1063,0.024390243902439025,0.03125,0.03968253968253968,5,5,0,0,140,0,,0.0,0.0,0,[],"[0.055576324462890625, 0.10317254066467285, 0.08207029104232788]"
1288,ROI-1288,647,0.023809523809523808,0.030303030303030304,0.030864197530864196,5,5,0,0,208,12,,0.0,0.0,0,[],"[0.112457275390625, 0.06509310007095337, 0.09153801202774048]"
1289,ROI-1289,1181,0.023809523809523808,0.06666666666666667,0.05555555555555555,1,1,0,0,30,0,,0.0,0.0,0,[],"[0.04999971389770508, 0.022510528564453125, 0.06999993324279785]"
1290,ROI-1290,1182,0.023809523809523808,0.06666666666666667,0.1111111111111111,2,2,0,0,30,0,,0.0,0.0,0,[],"[0.04999971389770508, 0.022510528564453125, 0.06929171085357666]"
1291,ROI-1291,807,0.022988505747126436,0.03333333333333333,0.02666666666666667,2,2,0,0,127,86,,0.0,0.0,0,[],"[0.10077285766601562, 0.08999991416931152, 0.06022942066192627]"
1292,ROI-1292,1048,0.022988505747126436,0.03333333333333333,0.03333333333333333,2,2,0,0,102,3,,0.0,0.0,0,[],"[0.09000015258789062, 0.034892551600933075, 0.10233664512634277]"
1293,ROI-1293,853,0.02259887005649718,0.02666666666666667,0.026455026455026454,5,5,0,0,169,15,,0.0,0.0,0,[],"[0.07716798782348633, 0.02485644817352295, 0.1130141019821167]"
1294,ROI-1294,422,0.02222222222222222,0.05555555555555555,0.07142857142857142,3,3,0,0,52,0,,0.0,0.0,0,[],"[0.07441234588623047, 0.05835390090942383, 0.04200243949890137]"
1295,ROI-1295,423,0.02222222222222222,0.05555555555555555,0.07142857142857142,3,3,0,0,28,0,,0.0,0.0,0,[],"[0.05563831329345703, 0.056550025939941406, 0.019999980926513672]"
1296,ROI-1296,1098,0.02222222222222222,0.031746031746031744,0.043478260869565216,3,3,0,0,85,1,,0.0,0.0,0,[],"[0.059999942779541016, 0.03007856011390686, 0.10609078407287598]"
1297,ROI-1297,1253,0.02222222222222222,0.05555555555555555,0.047619047619047616,1,1,0,0,21,0,,0.0,0.0,0,[],"[0.039999961853027344, 0.054809629917144775, 0.04000002145767212]"
1298,ROI-1298,1290,0.020833333333333336,0.024822695035460994,0.03389830508474576,6,6,0,0,192,88,,0.0,0.0,0,[],"[0.06222844123840332, 0.09529280662536621, 0.11077868938446045]"
1299,ROI-1299,998,0.020833333333333332,0.047619047619047616,0.07692307692307693,3,3,0,0,18,0,,0.0,0.0,0,[],"[0.058953285217285156, 0.02830028533935547, 0.014542341232299805]"
1300,ROI-1300,1163,0.0202020202020202,0.027777777777777776,0.030303030303030304,3,3,0,0,128,9,,0.0,0.0,0,[],"[0.10241246223449707, 0.09692192077636719, 0.043690502643585205]"
1301,ROI-1301,1004,0.02,0.024390243902439025,0.025252525252525252,5,5,0,0,168,7,,0.0,0.0,0,[],"[0.10232257843017578, 0.09214127063751221, 0.06714272499084473]"
1302,ROI-1302,620,0.0196078431372549,0.023809523809523808,0.026143790849673203,4,4,0,0,149,46,,0.0,0.0,0,[],"[0.11999988555908203, 0.11000001430511475, 0.06999999284744263]"
1303,ROI-1303,830,0.0196078431372549,0.041666666666666664,0.037037037037037035,1,1,0,0,99,2,,0.0,0.0,0,[],"[0.09603738784790039, 0.037843234837055206, 0.09000003337860107]"
1304,ROI-1304,1000,0.0196078431372549,0.041666666666666664,0.041666666666666664,1,1,0,0,96,1,,0.0,0.0,0,[],"[0.07752418518066406, 0.04770375043153763, 0.08417487144470215]"
1305,ROI-1305,1095,0.01937984496124031,0.024509803921568627,0.02702702702702703,3,3,0,0,103,7,,0.0,0.0,0,[],"[0.06999969482421875, 0.03224645555019379, 0.10999995470046997]"
1306,ROI-1306,928,0.018518518518518517,0.037037037037037035,0.030303030303030304,1,1,0,0,24,0,,0.0,0.0,0,[],"[0.05199265480041504, 0.05461925268173218, 0.03861778974533081]"
1307,ROI-1307,930,0.018518518518518517,0.037037037037037035,0.030303030303030304,1,1,0,0,25,0,,0.0,0.0,0,[],"[0.05199265480041504, 0.05461925268173218, 0.03861778974533081]"
1308,ROI-1308,485,0.018115942028985504,0.02252252252252252,0.01818181818181818,3,3,0,0,160,30,,0.0,0.0,0,[],"[0.08082342147827148, 0.026538729667663574, 0.11068844795227051]"
1309,ROI-1309,857,0.017777777777777778,0.02168021680216802,0.025157232704402517,4,4,0,0,185,53,,0.0,0.0,0,[],"[0.06913113594055176, 0.11000001430511475, 0.0707470178604126]"
1310,ROI-1310,446,0.017730496453900707,0.021929824561403508,0.03205128205128205,5,5,0,0,173,66,,0.0,0.0,0,[],"[0.11201357841491699, 0.10999995470046997, 0.06574779748916626]"
1311,ROI-1311,999,0.017543859649122806,0.03333333333333333,0.03333333333333333,1,1,0,0,99,1,,0.0,0.0,0,[],"[0.0811305046081543, 0.04933924973011017, 0.09417486190795898]"
1312,ROI-1312,1327,0.017543859649122806,0.03333333333333333,0.02564102564102564,1,1,0,0,117,6,,0.0,0.0,0,[],"[0.09146690368652344, 0.08619284629821777, 0.05202990770339966]"
1313,ROI-1313,1246,0.017316017316017316,0.0196078431372549,0.024691358024691357,6,6,0,0,478,0,,0.0,0.0,0,[],"[0.10926413536071777, 0.11702346801757812, 0.11377809941768646]"
1314,ROI-1314,1001,0.01666666666666667,0.030303030303030304,0.030303030303030304,1,1,0,0,100,1,,0.0,0.0,0,[],"[0.0811305046081543, 0.04770375043153763, 0.08417487144470215]"
1315,ROI-1315,1282,0.01666666666666667,0.030303030303030304,0.0392156862745098,2,2,0,0,36,0,,0.0,0.0,0,[],"[0.0716099739074707, 0.07122421264648438, 0.050000011920928955]"
1316,ROI-1316,896,0.016666666666666666,0.018779342723004695,0.016025641025641024,5,5,0,0,483,472,,0.0,0.0,0,[],"[0.14813542366027832, 0.1571108102798462, 0.15109783411026]"
1317,ROI-1317,1097,0.016666666666666666,0.023809523809523808,0.027777777777777776,2,2,0,0,97,6,,0.0,0.0,0,[],"[0.06999969482421875, 0.03224645555019379, 0.11000001430511475]"
1318,ROI-1318,936,0.016260162601626015,0.020833333333333332,0.027210884353741496,4,4,0,0,132,4,,0.0,0.0,0,[],"[0.08710885047912598, 0.08350944519042969, 0.06142127513885498]"
1319,ROI-1319,1138,0.015873015873015876,0.020202020202020204,0.020202020202020204,1,0,1,0,156,154,,0.0,0.0,0,[],"[0.0043392181396484375, 0.12999999523162842, 0.18000000715255737]"
1320,ROI-1320,972,0.015873015873015872,0.027777777777777776,0.027777777777777776,1,1,0,0,103,20,,0.0,0.0,0,[],"[0.10857963562011719, 0.10000002384185791, 0.055849313735961914]"
1321,ROI-1321,1217,0.01515151515151515,0.02564102564102564,0.022222222222222223,1,1,0,0,95,43,,0.0,0.0,0,[],"[0.08000004291534424, 0.06573963165283203, 0.10000002384185791]"
1322,ROI-1322,831,0.014492753623188404,0.023809523809523808,0.0196078431372549,1,1,0,0,118,14,,0.0,0.0,0,[],"[0.09562206268310547, 0.037843234837055206, 0.10000002384185791]"
1323,ROI-1323,1002,0.014492753623188404,0.023809523809523808,0.022222222222222223,1,1,0,0,103,1,,0.0,0.0,0,[],"[0.0811305046081543, 0.04933924973011017, 0.09417486190795898]"
1324,ROI-1324,1321,0.014492753623188404,0.023809523809523808,0.018518518518518517,1,1,0,0,120,22,,0.0,0.0,0,[],"[0.05913114547729492, 0.09000003337860107, 0.05410248041152954]"
1325,ROI-1325,845,0.014084507042253521,0.016129032258064516,0.016877637130801686,4,4,0,0,298,90,,0.0,0.0,0,[],"[0.11000001430511475, 0.10000002384185791, 0.08190798759460449]"
1326,ROI-1326,911,0.013888888888888888,0.01532567049808429,0.014336917562724014,4,4,0,0,422,396,,0.0,0.0,0,[],"[0.18000000715255737, 0.06914329528808594, 0.1899999976158142]"
1327,ROI-1327,1049,0.013333333333333332,0.020833333333333332,0.020833333333333332,1,1,0,0,104,4,,0.0,0.0,0,[],"[0.08562183380126953, 0.034892551600933075, 0.10233664512634277]"
1328,ROI-1328,1046,0.011904761904761904,0.017543859649122806,0.016666666666666666,1,1,0,0,108,10,,0.0,0.0,0,[],"[0.08591747283935547, 0.03319574147462845, 0.10582506656646729]"
1329,ROI-1329,1054,0.011904761904761904,0.017543859649122806,0.010752688172043012,1,1,0,0,117,0,,0.0,0.0,0,[],"[0.044965267181396484, 0.10841536521911621, 0.048993468284606934]"
1330,ROI-1330,1159,0.011904761904761904,0.017543859649122806,0.013888888888888888,1,1,0,0,118,0,,0.0,0.0,0,[],"[0.06497645378112793, 0.07238650321960449, 0.08000004291534424]"
1331,ROI-1331,1169,0.011904761904761904,0.03333333333333333,0.05555555555555555,1,1,0,0,80,0,,0.0,0.0,0,[],"[0.09999990463256836, 0.056894540786743164, 0.05753910541534424]"
1332,ROI-1332,832,0.011494252873563218,0.016666666666666666,0.013333333333333334,1,1,0,0,117,7,,0.0,0.0,0,[],"[0.09999990463256836, 0.03934953361749649, 0.10000002384185791]"
1333,ROI-1333,1096,0.010752688172043012,0.015151515151515152,0.013333333333333334,1,1,0,0,98,8,,0.0,0.0,0,[],"[0.06999969482421875, 0.03224645555019379, 0.09999996423721313]"
1334,ROI-1334,1245,0.010683760683760684,0.012077294685990338,0.011764705882352941,3,3,0,0,449,0,,0.0,0.0,0,[],"[0.10926413536071777, 0.10038238763809204, 0.11309191584587097]"
1335,ROI-1335,932,0.009259259259259259,0.018518518518518517,0.03333333333333333,1,1,0,0,22,0,,0.0,0.0,0,[],"[0.05199265480041504, 0.044619202613830566, 0.03861778974533081]"
1336,ROI-1336,933,0.009259259259259259,0.018518518518518517,0.030303030303030304,1,1,0,0,25,0,,0.0,0.0,0,[],"[0.05199265480041504, 0.05461925268173218, 0.03861778974533081]"
1337,ROI-1337,739,0.009009009009009009,0.011904761904761904,0.008771929824561403,1,1,0,0,140,2,,0.0,0.0,0,[],"[0.05740928649902344, 0.02485644817352295, 0.10000002384185791]"
1338,ROI-1338,899,0.008771929824561403,0.016666666666666666,0.030303030303030304,1,1,0,0,99,1,,0.0,0.0,0,[],"[0.07876968383789062, 0.05531644821166992, 0.07807469367980957]"
1339,ROI-1339,1348,0.008547008547008546,0.027777777777777776,0.05555555555555555,1,1,0,0,30,23,,0.0,0.0,0,[],"[0.060220956802368164, 0.04573887586593628, 0.034515976905822754]"
1340,ROI-1340,1266,0.007936507936507936,0.013888888888888888,0.0196078431372549,1,1,0,0,56,10,,0.0,0.0,0,[],"[0.06242728233337402, 0.05447733402252197, 0.0372639000415802]"
1341,ROI-1341,1099,0.007662835249042146,0.008547008547008548,0.007662835249042145,1,0,1,0,433,404,,0.0,0.0,0,[],"[0.14946749806404114, 0.1799999475479126, 0.10674512386322021]"
1342,ROI-1342,848,0.007575757575757575,0.01282051282051282,0.018518518518518517,1,1,0,0,148,64,,0.0,0.0,0,[],"[0.06999993324279785, 0.092002272605896, 0.08740532398223877]"
1343,ROI-1343,1170,0.007575757575757575,0.01282051282051282,0.0196078431372549,1,1,0,0,90,0,,0.0,0.0,0,[],"[0.1100318431854248, 0.060000061988830566, 0.05949258804321289]"
1344,ROI-1344,978,0.00641025641025641,0.00980392156862745,0.013333333333333334,1,1,0,0,284,0,,0.0,0.0,0,[],"[0.09000015258789062, 0.09509187936782837, 0.09762406349182129]"
1345,ROI-1345,1250,0.005747126436781609,0.008333333333333333,0.015151515151515152,1,1,0,0,114,6,,0.0,0.0,0,[],"[0.0875239372253418, 0.03659637272357941, 0.10000002384185791]"
1346,ROI-1346,1239,0.005376344086021506,0.007575757575757576,0.00980392156862745,1,1,0,0,105,12,,0.0,0.0,0,[],"[0.06880474090576172, 0.10000002384185791, 0.024739503860473633]"
1347,ROI-1347,1264,0.005376344086021506,0.006289308176100629,0.004694835680751174,1,1,0,0,424,398,,0.0,0.0,0,[],"[0.1850581169128418, 0.18187522888183594, 0.07170313596725464]"
1348,ROI-1348,561,0.004629629629629629,0.005291005291005291,0.004694835680751174,1,1,0,0,180,32,,0.0,0.0,0,[],"[0.10000038146972656, 0.05222265422344208, 0.09000000357627869]"
1349,ROI-1349,1270,0.0045045045045045045,0.005952380952380952,0.007575757575757576,1,1,0,0,142,21,,0.0,0.0,0,[],"[0.07471227645874023, 0.027706146240234375, 0.11254322528839111]"
1350,ROI-1350,1322,0.004273504273504273,0.0065359477124183,0.015873015873015872,1,1,0,0,139,33,,0.0,0.0,0,[],"[0.06677031517028809, 0.09125572443008423, 0.06023299694061279]"
1351,ROI-1351,1240,0.0038314176245210726,0.005555555555555555,0.010416666666666666,1,1,0,0,109,14,,0.0,0.0,0,[],"[0.06880474090576172, 0.09999990463256836, 0.024739503860473633]"
1352,ROI-1352,1247,0.0031446540880503146,0.003787878787878788,0.006060606060606061,1,1,0,0,374,0,,0.0,0.0,0,[],"[0.10007452964782715, 0.09801405668258667, 0.10336175560951233]"
